Name,Status,Price,Stars,Ratings,URL,UPC
Xbox One X Cyberpunk 2077 Limited Edition 1TB Console ‚ÄúCONSOLE ONLY ‚Äú,Novo em folha,"R$ 1¬†984,43",0,0,https://www.ebay.com/itm/Xbox-One-X-Cyberpunk-2077-Limited-Edition-1TB-Console-CONSOLE-ONLY/153968777008?hash=item23d9411730:g:hIMAAOSw6Ode4vUB,889842564075
Microsoft Xbox One X Limited Edition Cyberpunk 2077 Console BRAND NEW SEALED,Novo em folha,"R$ 1¬†868,19",Tem,0,https://www.ebay.com/itm/Microsoft-Xbox-One-X-Limited-Edition-Cyberpunk-2077-Console-BRAND-NEW-SEALED/264761923847?hash=item3da50a5907:g:LNEAAOSwpZhe49ia,
Xbox One X LE Bundle - Cyberpunk 2077 Brand New in Box Free Shipping,Novo em folha,"R$ 2¬†608,09",0,0,https://www.ebay.com/itm/Xbox-One-X-LE-Bundle-Cyberpunk-2077-Brand-New-in-Box-Free-Shipping/203019026658?_trkparms=ispr%3D1&hash=item2f44e080e2:g:cgcAAOSwAtZe4tg3&enc=AQAEAAACYIQvEcHUrT7nmUC3yY5qbPyaBN1nJEDYW8MyypsJPgXKCsFG3Zkm%2FydhIZrjCFJJ0khj5%2Fo95jUuJ7Ls2qIMPJ2YtawjUa%2BFkMQCHjLA5BL2V6%2BGTc3uDMuBjt6qHJPYlWFGhapMmQDx6vWeFR71phcI6StJqFzUlVHFtgkTnlrIIBdZg1y8ObWFLYAIWgMrGblKJykZc2j%2BrZ1SgxjRIB0Ev1F9AsiGlstJTykzirvpn5MZQSkTU%2FRg%2Fahyo9D9hqNnhGiRiCCQdqIUufaXWABusfZJDdHzq2eVVv4y%2B5PYmLHlhPnyg%2F7klh7TedKCViYdsOJ%2FX8YMZ0V4o3HgJzkFBXe%2B7FpG82O6XNBrebBNUjhZtjbo5wyQym2kEOc9ANp79Cdvb1ls%2BgsUDbwn6sP%2F5I9Wb4awfLBs6WNyJPTZeG1cbg7Y%2BxxXxksPysslTR3xlw1BkzgMKVDHO53rSPtx2TZLUoGqySPnYoV5jMruePYOCLFzcb2s93LXq6VvtzMWHzfRwSZyetvfZ71rmc7sx3LtJmaoJTLnT%2FrOzeyZ%2FjLT5ttVlMD0jf8iAP6dTy9my%2B%2FgctcdiLa0AxAPCLiSQoYb7mtYYGELJFgLBqMwDhjOpKfcF1nchWtUTXlj6472A0KIY%2Bt7qRGjJN2LBbdUs6lQnt3udpCKxSBlzar81S0IYlneTluX%2Bhyhj1blAEHfrkkn6zbBCLbVnsTiJ%2BpOueFaTUJoJlbHbIPWD6NvsZcdzYnqRyyFBg56oiy9zvC9n2tdVbrNnLg5AjfU1YigarpzFHucaAnGULXfru9E&checksum=203019026658e5b8f05b79d243839ebcb8a97115dd19,
Xbox One X,Seminovo,"R$ 2¬†928,84",0,0,https://www.ebay.com/itm/Xbox-One-X/402283911413?_trkparms=ispr%3D1&hash=item5da9fd58f5:g:sWcAAOSwfvle16Sx&enc=AQAEAAACYIQvEcHUrT7nmUC3yY5qbPyaBN1nJEDYW8MyypsJPgXKLefOeKDNbhl56Ddqr5qda4nQenMY5f%2Bx4IfDc6LPjLKrlkfYUWXbK4B8f87zMa%2BR4gpb52dPe8LtnNoSJ0pQ7j95x1zALlOuvp1F0gQClQVZtzjhAKCkMNHVZXs3Ci7qdt3bWNGiOE4pj54DtTM5eMfqDQswkKf4p7qE0V997DFH5V%2BAus5vyT8BIlJIUfNddoynkTQc4qO6OAdTuIcb5bz3Meei2V1QDFSogg3pjjupW9pMBqz9kFgNgF0B2KhqPDs7yZGp9ktnS%2B6nSaGcKkTwqIJtfBn0U98B387JCzLI7TLJ35BAjFtaLmo42%2BfM9hyQwXO3BFaNx89l9nLEACzHMK9DBewJBmYRfm3Z0cz3R2RFNTEq%2BKRIV%2BU2cwY3adABHPzZAPVzsoj8ZfBkt6oVFR7KXU7cqocW1qQDLvMVQeb20ezD5jQR7BnShiQG73CrjKsvU56k1w1kZvhjXlaminA%2BHmUUEWXWzvZRlawq41t2GZhAR%2BhYxu1IfSz83hZme0pq2IfmZgPVtNRv%2F9fyHdH8nQfapHB6htXAavt3xRw171d3SAR8dDRugopuuzDXrp4AfygwhMAlgZWdB0PJoohldpBYyjJcrKvXhcZLI9QoxgM77gLRgYeQoEF4Jot5pNG5FcA5S03EvI%2FOn8yY09YuwjtKZyPkO3D7Eqn6uEazoDZDvOyRLfWnTX56yONYpTykClb3ffZgAr5ycGK5ycKpSkYwCjLn8yLwZHWQN%2FTxAZDoXN7BL7rPR8ga&checksum=402283911413e5b8f05b79d243839ebcb8a97115dd19,Does Not Apply
Microsoft Xbox One X 1TB Console-Gold Rush Special Edition Battlefield V Bundle,Novo em folha,"R$ 3¬†286,21",0,0,https://www.ebay.com/itm/Microsoft-Xbox-One-X-1TB-Console-Gold-Rush-Special-Edition-Battlefield-V-Bundle/153281440065?_trkparms=ispr%3D1&hash=item23b0492941:g:0PYAAOSwIbtb~tN-&enc=AQAEAAACcIQvEcHUrT7nmUC3yY5qbPyaBN1nJEDYW8MyypsJPgXKDfYOPGy6TP3UksDR9kNPnyg6jUaqdmZUvFBcz3wsij1ooG2E%2Bbbq0yuO5Q8q8NSboqCDLi9oVXY%2B2H0BF6mjo%2F3JUoQcWDBuVqVvaWRbyyrKs7MpcKK4IbNewkGh1ijeX5V4tkdK%2FW4xtMYC3gZK45kAfY8nD39AgwHUpkPwWrtCNJ34jvm8%2BAFfsFrxw6DMoWpUi%2BALxxLo67aQtAW2ai0xwzt2QOGXt4ykwa3O5jyALeF0hyCsK70gIlYlWUvt5JmeZ82vBwpqzp4BjuoDZEn0%2BKd%2BJ0b10VlBPABUBZXgkz3mS7Y87hqPwP3aB2ZAqgzVoDbtUS5kNjrRkyoie7yT767pGvc%2B5tdVNR2%2BvZ137%2BFDvnQvaboVl%2BXOh3FdcR%2BlEOP3BAFTX4mAKvXqSAWuiLXFKZH9ulwmK1MEvTJAUNPigatt8qRoRb80poe3mlJ%2FWWbwDfhnZ5z1WnVmJiwEU8yvglaj48GznYLUFB%2FaKpmH5Lc7iacfqfTxI1%2F62djvy6CFD67XgvF9M1faolI1QAw0fJ8t6b9xjZOw3sW6CusoxQ95Kv8qTXCwdgPXE7KeLlrBJ%2FcRY0YFhhJ4Bj%2BuUurAxufhecjkVR70NRWHQjWV4oWdJqBQnnXxyXTjFNbA8sET%2FMo7u5Lk2xf63daXfqXrWn4cEpJid2bvYia5aDLYd1uTGZAoQLxlzjlBsDrDZqaMXmwV6IxFot%2F8xMiOGlj5C8q0mWB5WXyu%2Bo5063GTnOv9T1Ldb2tJSFJ8uotm7XC%2Bs0ZBdMrKp1Rdtg%3D%3D&checksum=153281440065e5b8f05b79d243839ebcb8a97115dd19,
Name,Status,Price,Stars,Ratings,URL,UPC
Xbox One X Cyberpunk 2077 Limited Edition 1TB Console ‚ÄúCONSOLE ONLY ‚Äú,Novo em folha,"R$ 1¬†984,43",0,0,https://www.ebay.com/itm/Xbox-One-X-Cyberpunk-2077-Limited-Edition-1TB-Console-CONSOLE-ONLY/153968777008?hash=item23d9411730:g:hIMAAOSw6Ode4vUB,889842564075
CONSOLE MICROSOFT XBOX ONE X 1TB 4K HDR ITALIA + Star Wars Jedi Fallen Order,Novo em folha,"R$ 1¬†734,93",CON,0,https://www.ebay.com/itm/CONSOLE-MICROSOFT-XBOX-ONE-X-1TB-4K-HDR-ITALIA-Star-Wars-Jedi-Fallen-Order/124221783985?epid=26035278789&hash=item1cec31ffb1:g:UWMAAOSw5eRenYzM,889842485325
Microsoft Xbox One X Limited Edition Cyberpunk 2077 Console BRAND NEW SEALED,Novo em folha,"R$ 1¬†868,19",Tem,0,https://www.ebay.com/itm/Microsoft-Xbox-One-X-Limited-Edition-Cyberpunk-2077-Console-BRAND-NEW-SEALED/264761923847?hash=item3da50a5907:g:LNEAAOSwpZhe49ia,
Xbox One X,Seminovo,"R$ 2¬†928,84",0,0,https://www.ebay.com/itm/Xbox-One-X/402283911413?_trkparms=ispr%3D1&hash=item5da9fd58f5:g:sWcAAOSwfvle16Sx&enc=AQAEAAACYIQvEcHUrT7nmUC3yY5qbPyaBN1nJEDYW8MyypsJPgXKLefOeKDNbhl56Ddqr5qda4nQenMY5f%2Bx4IfDc6LPjLKrlkfYUWXbK4B8f87zMa%2BR4gpb52dPe8LtnNoSJ0pQ7j95x1zALlOuvp1F0gQClQVZtzjhAKCkMNHVZXs3Ci7qdt3bWNGiOE4pj54DtTM5eMfqDQswkKf4p7qE0V997DFH5V%2BAus5vyT8BIlJIUfNddoynkTQc4qO6OAdTuIcb5bz3Meei2V1QDFSogg3pjjupW9pMBqz9kFgNgF0B2KhqPDs7yZGp9ktnS%2B6nSaGcKkTwqIJtfBn0U98B387JCzIsXJlMGY51gBYj5WMLsFlg5floMBz4eOHsjgc%2F4tKFG7sARhe0mGg2Gb7TEWK2akF3hPq%2FKzTyuodgofJMMpOJu7qqojWO3smzbjLppbNIudiNx3GsnEhha4jCKmg9yUp5fQru8DvT6KkG6FgFDAYtG6jNRZKGmDGtUEy411wM%2BQZxLXo1bb%2FymIA3ST4Z05yIFe5Q1pkJQIh1rtTD2%2Bb0PNAsZ3qd%2B%2Fcf76Bc2iFhS8kWDOu%2Bs6KEtuV0SR%2B3jJymCT2FQZky6NkXFni0umDemxQoWboIRtMOrK6nI7eJr1N5uMmevNyeb1NmAG%2FKKRtsFrZUxHFSB2NlIrA5m3aC41T%2B0P%2Br%2BSz%2BKZksO8i99mnxdtaDWlosFHfSx05tdgxOt38J75voEKw2pB%2F%2FzSRxH0Lxkee32otqD7TecJoGTlRMCd9XhHJeAkxkHtj9lyChp3sceFFCCloVQOjeni4H&checksum=402283911413d9e8e535f86b411488a143df68d26b78,Does Not Apply
Microsoft Xbox One X 1TB Console-Gold Rush Special Edition Battlefield V Bundle,Novo em folha,"R$ 3¬†286,21",0,0,https://www.ebay.com/itm/Microsoft-Xbox-One-X-1TB-Console-Gold-Rush-Special-Edition-Battlefield-V-Bundle/153281440065?_trkparms=ispr%3D1&hash=item23b0492941:g:0PYAAOSwIbtb~tN-&enc=AQAEAAACcIQvEcHUrT7nmUC3yY5qbPyaBN1nJEDYW8MyypsJPgXKDfYOPGy6TP3UksDR9kNPnyg6jUaqdmZUvFBcz3wsij1ooG2E%2Bbbq0yuO5Q8q8NSboqCDLi9oVXY%2B2H0BF6mjo%2F3JUoQcWDBuVqVvaWRbyyrKs7MpcKK4IbNewkGh1ijeX5V4tkdK%2FW4xtMYC3gZK45kAfY8nD39AgwHUpkPwWrtCNJ34jvm8%2BAFfsFrxw6DMoWpUi%2BALxxLo67aQtAW2ai0xwzt2QOGXt4ykwa3O5jyALeF0hyCsK70gIlYlWUvt5JmeZ82vBwpqzp4BjuoDZEn0%2BKd%2BJ0b10VlBPABUBZWnWhHcazTosHeZaaN%2FcGBI1rmfZ7ufKxXlclOnqkKmtVjh3KVhllREvJ5c%2FlBQL99EHbr0hmr2LDvyVWn0vRJEUYiM473wyodIpK5YrbxdlCQTGG1PRUghCdV10nxgXk3KHiOH%2BMGFoKBmKLS%2BR%2FBgyYISXn4YG9xuRnva6YuYk2CoEZtC03Ek09z4CyajeNT0jH9tTVQTaez%2F78xoOpC50JefSwsQfWO54alkNLyEnrrNETEUIs3D2vC9Ws%2B5ZG1djjqzvD%2BO6EUjif%2FNxyhI2NJATCZa%2Bu7Oc0Mtoc%2F%2F5mrVVEcTQ%2FKVF4sKiz41GD%2F1n7I4PuTdF%2FplKyzFpcgsrEG%2FK2Zr8%2BEZ0hJ3rTpmvv2Sp7EjqCpHyrAtqUwDrKyzA7wGro66w8oW%2FQPJuITfxlbgi8lAxkf3Cu%2BY6tEEM7%2BZlB6mcBNkbii4XtJAaQYyT%2B%2B8vD9PC8TR15bdBwKzFQqW8E81mJJiF3vXSRRp2w%3D%3D&checksum=153281440065d9e8e535f86b411488a143df68d26b78,Xbox One X Cyberpunk 2077 Limited Edition Console Bundle 1TB IN HAND FAST SHIP,Novo em folha,"R$ 2¬†868,80",0,0,https://www.ebay.com/itm/Xbox-One-X-Cyberpunk-2077-Limited-Edition-Console-Bundle-1TB-IN-HAND-FAST-SHIP/174312126556?hash=item2895cff85c:g:fkkAAOSwN5Ve4EEY,889842564075
Microsoft - Xbox One X 1TB Cyberpunk 2077 Limited Edition Console Bundle *Sealed,Novo em folha,"R$ 2¬†602,93",0,0,https://www.ebay.com/itm/Microsoft-Xbox-One-X-1TB-Cyberpunk-2077-Limited-Edition-Console-Bundle-Sealed/383582590966?hash=item594f4dd7f6:g:VksAAOSw3TJe36K9,
BOXED XBOX ONE X CONSOLE WITH CONTROLLER,Seminovo,"R$ 780,05",Tem,0,https://www.ebay.com/itm/BOXED-XBOX-ONE-X-CONSOLE-WITH-CONTROLLER/303595918635?hash=item46afba152b:g:z6kAAOSwaXVe5fqy,
Xbox One X Cyberpunk 2077 Limited Edition Console 1tb. Sold Out!,Novo em folha,"R$ 2¬†477,74",0,0,https://www.ebay.com/itm/Xbox-One-X-Cyberpunk-2077-Limited-Edition-Console-1tb-Sold-Out/324199194303?hash=item4b7bc71ebf:g:ljAAAOSwA6Be3qpo,
Novo an√∫ncio,Novo em folha,"R$ 2¬†353,26",5.0,0,https://www.ebay.com/itm/Microsoft-Xbox-One-X-1TB-Black-Forza-Horizon-4-LEGO-Speed-Champions-Bundle/274398807692?epid=20034672274&hash=item3fe371868c:g:ulcAAOSw7iZeNtQM,0889842522761
Microsoft Xbox One X 1 TB Cyberpunk 2077 Limited Edition Console Bundle Brand Ne,Novo em folha,"R$ 2¬†503,82",0,0,https://www.ebay.com/itm/Microsoft-Xbox-One-X-1-TB-Cyberpunk-2077-Limited-Edition-Console-Bundle-Brand-Ne/124214928805?hash=item1cebc965a5:g:FosAAOSwjZZe3BDc,
Microsoft Xbox One X 1TB Cyberpunk 2077 Console Bundle - SHIPS TODAY,Novo em folha,"R$ 2¬†347,28",0,0,https://www.ebay.com/itm/Microsoft-Xbox-One-X-1TB-Cyberpunk-2077-Console-Bundle-SHIPS-TODAY/184324440229?hash=item2aea97c0a5:g:nZoAAOSwknVe4PCP,
Microsoft Xbox One X Console - Star Wars Jedi: Fallen Order Bundle [1TB] NEW,Novo em folha,"R$ 3¬†129,72",5.0,0,https://www.ebay.com/itm/Microsoft-Xbox-One-X-Console-Star-Wars-Jedi-Fallen-Order-Bundle-1TB-NEW/143627317167?epid=21034673803&hash=item2170daefaf:g:~IIAAOSw049e36SU,889842485257
Microsoft Xbox One X 1 TB Console w/ NBA 2K20 & Controller + Vinyl Skin Sticker,Novo em folha,"R$ 2¬†394,02",5.0,0,https://www.ebay.com/itm/Microsoft-Xbox-One-X-1-TB-Console-w-NBA-2K20-Controller-Vinyl-Skin-Sticker/333467822747?epid=21033747719&hash=item4da43b2a9b:g:figAAOSww9deEtea,0889842477269
Microsoft Xbox One X 1TB bundle,Seminovo,"R$ 930,82",Tem,0,https://www.ebay.com/itm/Microsoft-Xbox-One-X-1TB-bundle/153971833764?hash=item23d96fbba4:g:u1oAAOSwNU9e5pD1,
Microsoft Xbox One X Cyberpunk 2077 Limited Edition Console 1 TB (SOLD OUT),Novo em folha,"R$ 2¬†790,46",0,0,https://www.ebay.com/itm/Microsoft-Xbox-One-X-Cyberpunk-2077-Limited-Edition-Console-1-TB-SOLD-OUT/254618101812?hash=item3b486be834:g:qaQAAOSwj19e2qj0,
Novo an√∫ncio,Novo em folha,"R$ 2¬†327,04",Xbo,0,https://www.ebay.com/itm/Xbox-One-X-1TB-Cyberpunk-2077-Limited-Edition-Console-Bundle/264765184505?epid=25039041277&hash=item3da53c19f9:g:w8YAAOSwCWte26EW,
Xbox One X 1TB Console ‚Äì Cyberpunk 2077 Limited Edition Bundle,Novo em folha,"R$ 2¬†399,50",0,0,https://www.ebay.com/itm/Xbox-One-X-1TB-Console-Cyberpunk-2077-Limited-Edition-Bundle/184325015814?hash=item2aeaa08906:g:C8IAAOSwo8te4jEj,
Microsoft Xbox One X 1TB Limited Edition Cyberpunk 2077 Console (Brand New),Novo em folha,"R$ 2¬†490,86",0,0,https://www.ebay.com/itm/Microsoft-Xbox-One-X-1TB-Limited-Edition-Cyberpunk-2077-Console-Brand-New/164241625593?epid=0&hash=item263d9051f9:g:hmEAAOSwcLNe4RIu,
XBOX ONE X CYBERPUNK 2077 NEUVE,Novo em folha,"R$ 1¬†276,20",Tem,0,https://www.ebay.com/itm/XBOX-ONE-X-CYBERPUNK-2077-NEUVE/293612424217?hash=item445caa0c19:g:KY0AAOSw~vZe5R9F,
Xbox One X 1 TB Cyberpunk 2077 Limited Edition Bundle SHIPS NOW!,Novo em folha,"R$ 2¬†398,71",0,0,https://www.ebay.com/itm/Xbox-One-X-1-TB-Cyberpunk-2077-Limited-Edition-Bundle-SHIPS-NOW/264761659370?hash=item3da5064fea:g:1vUAAOSwG4Be4TrO,889842564075
XBOX ONE X CYBERPUNK 2077 Limited Edition Console Bundle 1TB FAST FREE SHIPPING,Novo em folha,"R$ 2¬†555,98",0,0,https://www.ebay.com/itm/XBOX-ONE-X-CYBERPUNK-2077-Limited-Edition-Console-Bundle-1TB-FAST-FREE-SHIPPING/124220255131?hash=item1cec1aab9b:g:gwwAAOSwZ19e4qzw,889842564075
Cyberpunk 2077 Xbox One X 1TB Limited Edition Console - ‚ö°Ô∏è SHIPS TODAY ‚ö°Ô∏è,Novo em folha,"R$ 2¬†608,09",0,0,https://www.ebay.com/itm/Cyberpunk-2077-Xbox-One-X-1TB-Limited-Edition-Console-SHIPS-TODAY/174313589172?hash=item2895e649b4:g:7gwAAOSwCf9e4jeA,
NEW Xbox One X 1TB Console Star Wars Jedi: Fallen Order Deluxe Edition Bundle,Novo em folha,"R$ 2¬†242,75",5.0,0,https://www.ebay.com/itm/NEW-Xbox-One-X-1TB-Console-Star-Wars-Jedi-Fallen-Order-Deluxe-Edition-Bundle/233407357066?epid=21034673803&hash=item365829a08a:g:KzsAAOSwIi5d0uXj,889842485257
Xbox One X Cyberpunk 2077 Limited Edition Console Bundle 1TB IN HAND Ships Now!,Novo em folha,"R$ 2¬†712,21",0,0,https://www.ebay.com/itm/Xbox-One-X-Cyberpunk-2077-Limited-Edition-Console-Bundle-1TB-IN-HAND-Ships-Now/303591122224?hash=item46af70e530:g:yeMAAOSwLRde3ttX,889842564075
Xbox One X Cyberpunk 2077 Limited Edition Console 1tb. Sold Out! IN HAND Collect,Novo em folha,"R$ 3¬†124,51",0,0,https://www.ebay.com/itm/Xbox-One-X-Cyberpunk-2077-Limited-Edition-Console-1tb-Sold-Out-IN-HAND-Collect/174307892974?hash=item28958f5eee:g:KVcAAOSw1T1e4~8-,
Novo an√∫ncio,Novo em folha,"R$ 786,61",5.0,0,https://www.ebay.com/itm/Microsoft-Xbox-One-X-1TB-Black-Console/164245452103?epid=23031191832&hash=item263dcab547:g:c1MAAOSwN35e5yQx,5027757108709
Xbox One X 1TB Limited Edition CyberPunk 2077 Console BRAND NEW & SEALED,Novo em folha,"R$ 2¬†163,10",Xbo,0,https://www.ebay.com/itm/Xbox-One-X-1TB-Limited-Edition-CyberPunk-2077-Console-BRAND-NEW-SEALED/333623715803?epid=21038994562&hash=item4dad85e7db:g:RpMAAOSwGjpe45i9,889842564136
Microsoft xbox one x cyberpunk 2077 Limited Edition,Novo em folha,"R$ 3¬†528,67",0,0,https://www.ebay.com/itm/Microsoft-xbox-one-x-cyberpunk-2077-Limited-Edition/264762640008?hash=item3da5154688:g:Co0AAOSwhIRe4kCp,
Novo an√∫ncio,Seminovo,"R$ 166,92",Tem,0,https://www.ebay.com/itm/Microsoft-Xbox-one-wireless-controller/124224445143?hash=item1cec5a9ad7:g:r24AAOSwTM5exJ-3,
Microsoft Xbox One X Star Wars Jedi: Fallen Order Bundle (1TB),Novo em folha,"R$ 2¬†582,07",5.0,0,https://www.ebay.com/itm/Microsoft-Xbox-One-X-Star-Wars-Jedi-Fallen-Order-Bundle-1TB/143573475503?epid=21034673803&hash=item216da560af:g:QiwAAOSwv8Feim7U,889842485257
Cyberpunk 2077 Xbox One X Limited Edition Console - Brand New and Sealed!!,Novo em folha,"R$ 2¬†589,25",0,0,https://www.ebay.com/itm/Cyberpunk-2077-Xbox-One-X-Limited-Edition-Console-Brand-New-and-Sealed/174312620711?hash=item2895d782a7:g:tHQAAOSwfEVe4OkA,
Xbox One X 1TB NBA 2K19 Console Bundle,Novo em folha,"R$ 3¬†129,72",4.5,0,https://www.ebay.com/itm/Xbox-One-X-1TB-NBA-2K19-Console-Bundle/133233132896?epid=11026369009&hash=item1f05504560:g:SggAAOSwHSdb9FXu,889842306361
Microsoft Xbox One X 1TB Cyberpunk 2077 Console Bundle,Novo em folha,"R$ 2¬†816,75",0,0,https://www.ebay.com/itm/Microsoft-Xbox-One-X-1TB-Cyberpunk-2077-Console-Bundle/313108297604?hash=item48e6b57784:g:QWgAAOSwxEde3CQj,Does Not Apply
++ MICROSOFT XBOX ONE X 1TB ? CYBERPUNK 2077 LIMITED EDITION ++,Novo em folha,"R$ 2¬†640,62",0,0,https://www.ebay.com/itm/MICROSOFT-XBOX-ONE-X-1TB-CYBERPUNK-2077-LIMITED-EDITION/124216496309?hash=item1cebe150b5:g:gMsAAOSwz~he2nWG,
*IN HAND READY TO SHIP* Xbox One X Cyberpunk 2077 Limited Edition Console,Novo em folha,"R$ 2¬†086,52",Tem,0,https://www.ebay.com/itm/IN-HAND-READY-TO-SHIP-Xbox-One-X-Cyberpunk-2077-Limited-Edition-Console/124222267268?hash=item1cec395f84:g:tooAAOSw3TJe5USb,
Microsoft/Xbox One X 1Tb Cyv-00015,Seminovo,"R$ 2¬†252,03",0,0,https://www.ebay.com/itm/Microsoft-Xbox-One-X-1Tb-Cyv-00015/402283911587?hash=item5da9fd59a3:g:-lUAAOSwJlRe16S8,Does Not Apply
Microsoft Xbox One X 1 TB Cyberpunk 2077 Limited Edition Console Bundle NIB NEW,Novo em folha,"R$ 2¬†477,69",0,0,https://www.ebay.com/itm/Microsoft-Xbox-One-X-1-TB-Cyberpunk-2077-Limited-Edition-Console-Bundle-NIB-NEW/402290613681?hash=item5daa639db1:g:WpIAAOSwp49e4FeL,889842564075
Cyberpunk 2077 Limited Edition Xbox One X Bundle New NTSC-U Region 1 A UHD 4K US,Novo em folha,"R$ 2¬†622,02",Tem,0,https://www.ebay.com/itm/Cyberpunk-2077-Limited-Edition-Xbox-One-X-Bundle-New-NTSC-U-Region-1-A-UHD-4K-US/233618419771?hash=item3664be303b:g:ywIAAOSwx8xe5S40,
Microsoft Xbox One X 1TB 4K HDR Console with Extra Controller Xbox One,Novo em folha,"R$ 3¬†025,45",5.0,0,https://www.ebay.com/itm/Microsoft-Xbox-One-X-1TB-4K-HDR-Console-with-Extra-Controller-Xbox-One/274250212859?epid=238382386&hash=item3fda9625fb:g:V34AAOSwV6heK2wH,0889842208252
Xbox One X 1TB Console Cyberpunk 2077 Limited Edition Bundle Collectors IN HAND,Novo em folha,"R$ 2¬†451,55",0,0,https://www.ebay.com/itm/Xbox-One-X-1TB-Console-Cyberpunk-2077-Limited-Edition-Bundle-Collectors-IN-HAND/333624588769?hash=item4dad9339e1:g:4SEAAOSwbgxe5Mm9,
Xbox One X 1TB Console - Gears of war 5 Limited Edition Bundle White,Novo em folha,"R$ 3¬†004,01",0,0,https://www.ebay.com/itm/Xbox-One-X-1TB-Console-Gears-of-war-5-Limited-Edition-Bundle-White/183945807598?hash=item2ad40646ee:g:cmgAAOSw2mdddYOh,Does Not Apply
Novo an√∫ncio,Recondicionado,"R$ 1¬†825,65",4.5,0,https://www.ebay.com/itm/Microsoft-Xbox-One-X-1TB-4K-Ultra-HD-Gaming-Console-Unboxed/392840624994?epid=8026284707&hash=item5b77203b62:g:yq8AAOSwH49eidrF,0603784352176
Xbox One X 1TB Limited Edition Cyberpunk 2077 Console - SOLD OUT,Novo em folha,"R$ 2¬†499,83",0,0,https://www.ebay.com/itm/Xbox-One-X-1TB-Limited-Edition-Cyberpunk-2077-Console-SOLD-OUT/324192623178?hash=item4b7b62da4a:g:TDYAAOSwoAFe303W,
"Sealed Cyberpunk 2077 Xbox One X Console Bundle -- In Hand, Same Day Shipping!",Novo em folha,"R$ 2¬†138,68",Tem,0,https://www.ebay.com/itm/Sealed-Cyberpunk-2077-Xbox-One-X-Console-Bundle-In-Hand-Same-Day-Shipping/254622966171?hash=item3b48b6219b:g:XcgAAOSwuRpe4Zhc,
Xbox One X Cyberpunk 2077 1TB Limited Edition Console Bundle With Johnny Figure,Novo em folha,"R$ 2¬†738,55",0,0,https://www.ebay.com/itm/Xbox-One-X-Cyberpunk-2077-1TB-Limited-Edition-Console-Bundle-With-Johnny-Figure/254624168517?hash=item3b48c87a45:g:DCMAAOSwEXJe5FLz,
Xbox One X Cyberpunk 2077 Limited Collectors Edition Console 1TB | New | In Hand,Novo em folha,"R$ 2¬†268,83",0,0,https://www.ebay.com/itm/Xbox-One-X-Cyberpunk-2077-Limited-Collectors-Edition-Console-1TB-New-In-Hand/254624216541?hash=item3b48c935dd:g:fxYAAOSwz3Je4rGy,
XBOX ONE X 1TB CONSOLE GOLD COLOURED RUSH LIMITED EDITION (EU STOCK),Novo em folha,"R$ 2¬†511,70",0,0,https://www.ebay.com/itm/XBOX-ONE-X-1TB-CONSOLE-GOLD-COLOURED-RUSH-LIMITED-EDITION-EU-STOCK/303383656830?hash=item46a313397e:g:q-0AAOSwUGddN4Uj,Does not apply
INHAND Xbox One X Cyberpunk 2077 Limited Edition Console Bundle 1TB SAMEDAY SHIP,Novo em folha,"R$ 2¬†607,89",0,0,https://www.ebay.com/itm/INHAND-Xbox-One-X-Cyberpunk-2077-Limited-Edition-Console-Bundle-1TB-SAMEDAY-SHIP/184324060180?hash=item2aea91f414:g:-8wAAOSwAtZe4PAI,
Xbox One X 1TB Console ‚Äì Cyberpunk 2077 Limited Edition Bundle! Console In Hand,Novo em folha,"R$ 1¬†935,24",Tem,0,https://www.ebay.com/itm/Xbox-One-X-1TB-Console-Cyberpunk-2077-Limited-Edition-Bundle-Console-In-Hand/203018133749?hash=item2f44d2e0f5:g:CHIAAOSwUJNe4W6p,
Novo an√∫ncio,Novo em folha,"R$ 2¬†346,56",0,0,https://www.ebay.com/itm/Xbox-One-X-Cyberpunk-2077-Limited-Edition-Bundle-XBOX-One-X-NEU-OVP/164245529354?hash=item263dcbe30a:g:GMAAAOSw9PNeoYWd,
XBOX ONE X CYBERPUNK 2077 console,Novo em folha,"R$ 2¬†621,96",0,0,https://www.ebay.com/itm/XBOX-ONE-X-CYBERPUNK-2077-console/254618160281?hash=item3b486ccc99:g:z2AAAOSwu2Re3AQV,
"Microsoft Xbox One X Project Scorpio Edition, 1TB, Black Console",Novo em folha,"R$ 3¬†155,86",5.0,0,https://www.ebay.com/itm/Microsoft-Xbox-One-X-Project-Scorpio-Edition-1TB-Black-Console/132412266743?epid=239434237&hash=item1ed462d8f7:g:178AAOSwc2FaGWM8,0889842208474
Xbox One X Cyberpunk 2077 Limited Edition Console Bundle 1TB SHIPS TODAY FREE,Novo em folha,"R$ 2¬†555,98",0,0,https://www.ebay.com/itm/Xbox-One-X-Cyberpunk-2077-Limited-Edition-Console-Bundle-1TB-SHIPS-TODAY-FREE/174314036030?hash=item2895ed1b3e:g:5MsAAOSwRb1e4rvt,889842564075
Microsoft Xbox One X 1 TB Console with NBA 2K20 & Controller + Gold Membership,Novo em folha,"R$ 2¬†451,61",5.0,0,https://www.ebay.com/itm/Microsoft-Xbox-One-X-1-TB-Console-with-NBA-2K20-Controller-Gold-Membership/313055436349?epid=21033747719&hash=item48e38ede3d:g:blAAAOSwkU9el5lI,0889842477269
Xbox One X 1TB Console - Star Wars Jedi: Fallen Order Bundle,Novo em folha,"R$ 1¬†930,03",Tem,0,https://www.ebay.com/itm/Xbox-One-X-1TB-Console-Star-Wars-Jedi-Fallen-Order-Bundle/153971042850?hash=item23d963aa22:g:~7IAAOSwfcNd9PXq,
Microsoft Xbox One X 1TB Tom Clancy‚Äôs The Division 2 Console Bundle - Black,Novo em folha,"R$ 2¬†138,63",4.5,0,https://www.ebay.com/itm/Microsoft-Xbox-One-X-1TB-Tom-Clancy-s-The-Division-2-Console-Bundle-Black/283913852031?epid=11029100475&hash=item421a95947f:g:PVcAAOSwOe5e5bir,
Xbox One X Cyberpunk 2077 Limited Edition 1TB Console Bundle! Fast Shipping,Novo em folha,"R$ 2¬†608,09",0,0,https://www.ebay.com/itm/Xbox-One-X-Cyberpunk-2077-Limited-Edition-1TB-Console-Bundle-Fast-Shipping/114260261954?hash=item1a9a713c42:g:L-YAAOSwUIhe57Fa,889842564075
Xbox One X 1 TB Cyberpunk 2077 Limited Edition Console Bundle BRAND NEW,Novo em folha,"R$ 2¬†607,89",0,0,https://www.ebay.com/itm/Xbox-One-X-1-TB-Cyberpunk-2077-Limited-Edition-Console-Bundle-BRAND-NEW/254625416604?hash=item3b48db859c:g:~tAAAOSwRh9e5kfZ,889842564075
Xbox One X Cyberpunk 2077 Limited Edition Nuevo Sellado ,Novo em folha,"R$ 4¬†998,94",0,0,https://www.ebay.com/itm/Xbox-One-X-Cyberpunk-2077-Limited-Edition-Nuevo-Sellado/254615140786?hash=item3b483eb9b2:g:FDMAAOSwLg1e1kso,
Xbox One X Cyberpunk 2077 Limited Edition 1TB Console Bundle - in hand,Novo em folha,"R$ 2¬†086,52",Tem,0,https://www.ebay.com/itm/Xbox-One-X-Cyberpunk-2077-Limited-Edition-1TB-Console-Bundle-in-hand/203019921460?hash=item2f44ee2834:g:WqcAAOSwCMBe5B-C,
XBOX ONE X 1TB Consola,Novo em folha,"R$ 2¬†285,93",Pre,0,https://www.ebay.com/itm/XBOX-ONE-X-1TB-Consola/173969854510?hash=item288169502e:g:7d0AAOSwgaZemHk9,0889842208337
Xbox One X Forza Horizon 4 Peer Edition,Seminovo,"R$ 3¬†636,17",0,0,https://www.ebay.com/itm/Xbox-One-X-Forza-Horizon-4-Peer-Edition/402283911209?hash=item5da9fd5829:g:KgQAAOSwdTRe16Sh,Does Not Apply
Xbox One X 1TB Console Cyberpunk 2077 Limited Edition Bundle Sold out everywhere,Novo em folha,"R$ 3¬†124,56",0,0,https://www.ebay.com/itm/Xbox-One-X-1TB-Console-Cyberpunk-2077-Limited-Edition-Bundle-Sold-out-everywhere/114252241506?hash=item1a99f6da62:g:VN4AAOSwDpte3XD~,
BRAND NEW Microsoft Xbox One X 1TB Star Wars Jedi: Fallen Order Bundle,Novo em folha,"R$ 2¬†289,95",5.0,0,https://www.ebay.com/itm/BRAND-NEW-Microsoft-Xbox-One-X-1TB-Star-Wars-Jedi-Fallen-Order-Bundle/264764232505?epid=21034673803&hash=item3da52d9339:g:XPkAAOSwEX1eNtQD,0889842485257
Novo an√∫ncio,Novo em folha,"R$ 1¬†877,87",Tem,0,https://www.ebay.com/itm/XBOX-ONE-X-CYBERPUNK-2077-Limited-Edition-Bundle-Console-READY-TO-SHIP-NOW/283915949587?hash=item421ab59613:g:wX4AAOSw3hZe4AF-,
MICROSOFT CYBERPUNK 2077 XBOX ONE X LIMITED SPECIAL EDITION SOFORT LIEFERBAR,Novo em folha,"R$ 2¬†287,75",0,0,https://www.ebay.com/itm/MICROSOFT-CYBERPUNK-2077-XBOX-ONE-X-LIMITED-SPECIAL-EDITION-SOFORT-LIEFERBAR/363010689822?hash=item54851f8b1e:g:Ky0AAOSwW5Je2oPI,
Xbox One X Cyberpunk 2077 Limited Edition 1TB Console Bundle In Hand,Novo em folha,"R$ 2¬†602,93",0,0,https://www.ebay.com/itm/Xbox-One-X-Cyberpunk-2077-Limited-Edition-1TB-Console-Bundle-In-Hand/274393846261?hash=item3fe325d1f5:g:TVoAAOSwRB5e4X8O,
Xbox One X Cyberpunk 2077 Limited Edition Bundle 1TB,Novo em folha,"R$ 2¬†523,63",0,0,https://www.ebay.com/itm/Xbox-One-X-Cyberpunk-2077-Limited-Edition-Bundle-1TB/402293182369?hash=item5daa8acfa1:g:1mEAAOSwKbNe44Be,
Xbox One X Cyberpunk 2077 Limited Edition Console 1TB - Brand New & Sealed UK,Novo em folha,"R$ 2¬†425,04",0,0,https://www.ebay.com/itm/Xbox-One-X-Cyberpunk-2077-Limited-Edition-Console-1TB-Brand-New-Sealed-UK/264762483095?hash=item3da512e197:g:LlsAAOSwhIRe49SQ,
Xbox One X 1TB Console Cyberpunk 2077 Limited Edition Bundle Collectors IN HAND,Novo em folha,"R$ 2¬†034,35",Tem,0,https://www.ebay.com/itm/Xbox-One-X-1TB-Console-Cyberpunk-2077-Limited-Edition-Bundle-Collectors-IN-HAND/224045799353?hash=item342a2b97b9:g:7JAAAOSw1fJe3SRO,
Xbox One X Cyberpunk 2077 Limited Edition 1TB Console Bundle IN HAND,Novo em folha,"R$ 2¬†868,96",0,0,https://www.ebay.com/itm/Xbox-One-X-Cyberpunk-2077-Limited-Edition-1TB-Console-Bundle-IN-HAND/224042490901?hash=item3429f91c15:g:8wwAAOSwu19e4sqd,889842564075
Name,Status,Price,Stars,Ratings,URL,UPC
Xbox One X Cyberpunk 2077 1TB Limited Edition Console IN HAND Ships NOW,Brand New,"ILS 2,619.41",Top,0,https://www.ebay.com/itm/Xbox-One-X-Cyberpunk-2077-1TB-Limited-Edition-Console-IN-HAND-Ships-NOW/324188769366?_trkparms=ispr%3D1&hash=item4b7b280c56:g:pfsAAOSwuh1e3Wtl&amdata=enc%3AAQAFAAACcBaobrjLl8XobRIiIML1V4Imu%252Fn%252BzU5L90Z278x5ickk5v8gVt3hEWLVg%252F253w6XCYsV%252Bivtsaz1zeN2IjBn7tmDExjJWeJpGuw4iOpU44iPtsqbiofFwmEEDxWNlvZuTbWPyCB22BaQCdYBD0BmAtcx0uP3nV9YFGZ9rmyI5dXB9LV%252BCZO7EvcDtbh4PZMxGI2AmlgmDnhm7pnKPZyeXhCcAx8neEd1pFc%252FEVFzfUln3jbtP3GRcsnU9xfLp8MYuixoN1a%252FEDzmLh3Y4Ws%252Fx%252BOHMI6Zf53MEFWlFeXvq7dZi0ZP46Q4dR194HgbmbBMipm2Bs2rqqkA7OrehjNNgNtorFeWWQj%252F%252Bp9fxn0NCayT4q4ij7r1r1fK%252BwCFMmTck3QQyFZooAwUgGzD7hRdOCoiOrzdhIE8pV03wD0xvdhdmWfpHZIaP5OcsgCK%252Fo5LGKqyYrbLNku36Pgj07r6%252F5nXZhOSUUDEAWFUHOy5fQuRMIq53%252BMfCc1xArQs1UAa0vP1pYF8S8UGeTW6aVdq6OT2UPPA7TrgMKXBBAWFf9oEAs44Y%252FHJoeNJQWH%252BMxbRKiGmAWLgdqmRDt%252FpAtjkbQFCc8ZmiExgV3el7OneYyjgyZaXrJz5MxPTzP5iHfPckat7mG8SfpozQiG8PvGqNxldwu6L%252FSS8eRQlFnpXgoczyiewDMqPFChOeA%252BjlCjELVGlrVlRLi7ItaofeMAu1bCj4HIO%252Bw8AszbbfxIj9V9UzEdLPpkL9gym%252Bo9NDZPdMRLvCv3G7eL9hOUKEx8olmBPXRGJQgGy7HSbhnIGlqNsfBFspjIE034TuHnY6AHs1w%253D%253D%7Ccksum%3A324188769366444f8c94058d4b7f87033467c5b094d5%7Campid%3APL_CLK%7Cclp%3A2334524,
Microsoft Xbox One X Cyberpunk 2077 Limited Edition Console Bundle - 1TB,Brand New,"ILS 6,548.56",5.0,0,https://www.ebay.com/itm/Microsoft-Xbox-One-X-Cyberpunk-2077-Limited-Edition-Console-Bundle-1TB/303739553559?epid=7039722816&_trkparms=ispr%3D1&hash=item46b849c717:g:zYUAAOSwAmBfngR1&amdata=enc%3AAQAFAAACcBaobrjLl8XobRIiIML1V4Imu%252Fn%252BzU5L90Z278x5ickkpFtSR0CGv%252Bh98r8Yb9quS75bcBiToneazH80%252Bj2d%252BKTflam29BLcSWH7GmfAhnIdTXLerz8EgZsCM7E9OMWVU96cAq%252BM%252BS0OXlxLBr3kw0r%252BENRqu48TjIZ0Dq9jZ7fenEPf7Y51mQwtBSJCbgpHhu%252BkCxT2T2Ldw4dszKwwnRHE%252BuNLX37nYUZu%252B66C3F8ALVRCPm3OspIM1HxDtB5YXDlNku78XOF0IHMnUDTAaZ2rzEoqkDSOOXi6GeCK9OD%252BZsE8fA9voGXVXF%252Br20iZE3l3c75J11WPm0OwmHWIkJwu%252FMS5aF0ct1y35Yyutr6jC%252FoaJR%252FL7Q6wAFu5ck%252FunVHaZnWm5Z8vFACJkt1ieWJPZL45XiJJSQjR1jeWp4HFxtNJQCNVzlrapwD55pVqaaO%252BfYjSRWRMcJMMQWtarocDG1Rx0%252B%252BS1AqxE7ngtDHK%252BXtnoPXjBOUBX9AkHjp1b8sTItyZj2hPPwQ4Dar%252Bwvwbk%252FVvAutDeTGh%252FmdavqtjF289v5k%252FKOIO8yte0tt%252Fj2Uaa6ft0ZsFrOyFl4yjE9xx87dv3KAPcRDFI%252FQ%252BfF8jHAhW%252FHp42hMQEDXvlzuOFn3%252FTPOOcoH87kGDppDlFIy45Q37PIdFy93k0cB0yZExz%252Bh2esJ4MycCck7IoHoIn6LdJWUCfXP8GX3xvSVr3dMefsT66FvX6B07YZNwVjbGyebUPItVRgmIFZ3BJIMU0xtxZh1GFdopb4NYx%252BAJVJoxSNebOZTuep40Gx%252Fhqxv2VacJpYw5hnQTeUj3H3GSrA%253D%253D%7Ccksum%3A303739553559444f8c94058d4b7f87033467c5b094d5%7Campid%3APL_CLK%7Cclp%3A2334524,0889842564075
XBOX ONE X - Battlegrounds edition - barely used!,Pre-Owned,ILS 360.17,Tim,0,https://www.ebay.com/itm/XBOX-ONE-X-Battlegrounds-edition-barely-used/224324150452?hash=item343ac2e4b4:g:q3cAAOSw6QRgCfJF,
XBOX Series X 1 TB BLACK - BRAND NEW SEALED (IN HAND) ‚úÖ‚úÖ‚úÖ ONE DAY SHIPüéÆüéÆüéÆ ,Brand New,"ILS 3,595.40",Wat,0,https://www.ebay.com/itm/XBOX-Series-X-1-TB-BLACK-BRAND-NEW-SEALED-IN-HAND-ONE-DAY-SHIP/174592367163?_trkparms=ispr%3D1&hash=item28a6841a3b:g:PNAAAOSwECtfxnXZ&amdata=enc%3AAQAFAAACgBaobrjLl8XobRIiIML1V4Imu%252Fn%252BzU5L90Z278x5ickkSG%252BOFgrj2Yvbvmrj2TAdM5H081v1c5PY%252F3lplgR3jlmQDekTeDfbIoc%252B3Sm4YIqEUAXNbTz1%252BAImlv9s7KmRKQidX6mWQsRSQi8Sm5PWFC5y04ml4SCYw489tcy%252FMCcuJkaDqc7zUUtOr7D2p1Z0nxUUmxMvwBF7zSK5DUPi%252B0J2ZFdQf3NP8puAXmYiWgu9E5XYlR9ukwf4BLFoLMK%252FuVkNA6aDFy1pIioQtCwH2gA3IEuKYJtkoA1KY2bsvY3%252B7%252BExVTbyTFkDVDMA%252BojP3%252FCUkxwLq%252BSYumomdltejCbjF4U%252F%252FRoj4sKsU6EOA3ONvFF2ZS%252Bfte3XYy7o39boq%252BnFfYobKtJhDsdTQPQmfqzWFrrfP7cZRFxVVnpcUlo%252BPizUqhcdSy7hMcZmdSAGnSvIuby6DYFgrGtIhIMJrSSHfowjSjj8h2ZyTLPJaES5QVOY5FDZSHzBVydgG0Ed4ybrMv0O6eBGJfDBiKgrYykFa2QxjjStGETvnUhOq2Vl8lwfiqBuY5P%252FobZHvn9%252F%252FTjrFHB28y8boD9G9RNrEqU1vihsi%252B6jFea0CfO30fuf7mXJW5dmYcVx2oaB2fO51hyFgytXxPxedbBBKuTWhu5Z9CVy%252BlaHvFIUy8mxaY%252BxcoA%252F%252FXDL2yclYNMfTVqrBgNUNy2jPSymeBjd5%252BXRGUTSwuvUcVP8bRjZMeg%252FVcwKe24BaR%252BPJ0XIi592r1z3iQN6c2Zu2ciLTX1cQy2%252F0HTCq2RONAL9DKERt81hwZTL5f9IoW1XDbYl4EqviLSl%252F1x8tR1yb1O7zHCIKDk9BFA%253D%7Ccksum%3A174592367163444f8c94058d4b7f87033467c5b094d5%7Campid%3APL_CLK%7Cclp%3A2334524,
Microsoft Xbox One X Project Scorpio Edition 1TB Console (NO TIME WASTERS),Pre-Owned,ILS 449.43,5.0,0,https://www.ebay.com/itm/Microsoft-Xbox-One-X-Project-Scorpio-Edition-1TB-Console-NO-TIME-WASTERS/254839867819?epid=239434827&hash=item3b55a3c9ab:g:UwQAAOSwvmNbE8PB,0889842208474
Microsoft Xbox One X 1TB Gold Rush Special Edition Console Only,Refurbished,"ILS 1,536.92",5.0,0,https://www.ebay.com/itm/Microsoft-Xbox-One-X-1TB-Gold-Rush-Special-Edition-Console-Only/114579833980?epid=2299986709&_trkparms=ispr%3D1&hash=item1aad7d847c:g:VXoAAOSwkghf21z2&amdata=enc%3AAQAFAAACgBaobrjLl8XobRIiIML1V4Imu%252Fn%252BzU5L90Z278x5ickkAgU0umhwUTmgTFbE5cu7zWoUSjhRfuMbxHTxDUt5y6J9Y7BgBL%252BkNAbzOb4TigCzcvBO2MQoY2IQ60nAxt7y7aF0vQdAb%252FB5017BdWBY7GjOm7bi9Sr8LzYtO7zHmAJc7%252FxZQp20QxZCSRTvoZkZ1Jx37qfy7KniElJJ6AYu%252Bq%252F9hiyC3k4TskZ8oZiyYZJYVlrhrYWjPcUp%252BrimeJh5Q4dIx40aHAY2HS%252BfyY0Ih9sBg5HjDY%252BRPTuWIiFyL6khzT055rQZiQTFgm9B21CGeV7K9JR63v0Q9YD0HAfCKFj2GZ0B%252F1%252F8chgW4%252BuMNphqByLZSiTbXnwlZBrVD4F%252BGflkJBfSFiLxoEbuZeDO2LoIsJmil5Gl2Is6swYETPPe%252BqsU3lT5dQZsDWjSvhFKh8cV35BUeGy%252F0aaBiE71qHEb0wnjvT5j6etr50SdrbsZy1b1u29LgFv6sejUSNXa6OPqsIgtIorRHe%252FjY7Yi2rarpDfR1vjKZc12kV6X%252Fod%252FV8iWCLJZRAUsocul4TtUeqTOiiU%252FAUaGsKJbf%252FEv2TSx%252F%252B0cttfIZMpKE%252FnGSRPHB1FkDsAsET6iu%252FIwtvDhgyFZPRASSzJpCk%252FvFphYi%252BBJZ1U8kGt%252BM6LONt7reJ8xLOQS4bqzJ8xNS%252BfrqVnmz2lBnImE3VNbpNlRLLZz4afrwP86WmmJb3VJVYKU%252BZdE4eRmMzZUiMQCy%252BzyhFCu04Li3lhw1o2E0jfM3tlM7CHQtD7hPWIl6aGcnktjBR3%252BMv4mujB%252Blo%252BQQfP3vU3XP1JgbFvPgunhnKVzATL8SqY%253D%7Ccksum%3A114579833980444f8c94058d4b7f87033467c5b094d5%7Campid%3APL_CLK%7Cclp%3A2334524,0889842333374
xbox one x project scorpio edition 1tb console,Pre-Owned,ILS 606.73,Tim,0,https://www.ebay.com/itm/xbox-one-x-project-scorpio-edition-1tb-console/324454372530?hash=item4b8afcd4b2:g:6vcAAOSw~mdgAr27,
Microsoft Xbox One X 1TB Black Home Console,Pre-Owned,ILS 648.38,4.5,0,https://www.ebay.com/itm/Microsoft-Xbox-One-X-1TB-Black-Home-Console/143920313948?epid=5031269571&hash=item218251b65c:g:WXkAAOSwKLpgA8SG,0889842208252
"Microsoft Xbox One X Project Scorpio Edition 1TB 11 Games, A40 Headset, Kinect.",Pre-Owned,ILS 965.92,5.0,0,https://www.ebay.com/itm/Microsoft-Xbox-One-X-Project-Scorpio-Edition-1TB-11-Games-A40-Headset-Kinect/124534838300?epid=239434237&hash=item1cfedad41c:g:1s4AAOSwqo1gBt-p,0672773738734
Microsoft Xbox One X 1TB Black Home Console,Pre-Owned,ILS 825.12,4.5,0,https://www.ebay.com/itm/Microsoft-Xbox-One-X-1TB-Black-Home-Console/124529281905?epid=11026369009&hash=item1cfe860b71:g:dP8AAOSwJF5fGaq5,0889842306361
Xbox One S 1TB Fortnite Battle Royale Special Edition Bundle/ NEW! OPEN BOX,Open Box,"ILS 1,719.01",5.0,0,https://www.ebay.com/itm/Xbox-One-S-1TB-Fortnite-Battle-Royale-Special-Edition-Bundle-NEW-OPEN-BOX/254776757515?epid=22032316475&hash=item3b51e0cd0b:g:Q70AAOSwaYdfIYkj,
Microsoft Xbox One X 1TB Black Console,Pre-Owned,ILS 696.62,5.0,0,https://www.ebay.com/itm/Microsoft-Xbox-One-X-1TB-Black-Console/353359761457?epid=23031191832&hash=item5245e21031:g:PCsAAOSwioNgB0qz,5027757108709
Microsoft Xbox One X 1TB Gold Rush Special Edition Battlefield V Console.,Pre-Owned,ILS 491.14,5.0,0,https://www.ebay.com/itm/Microsoft-Xbox-One-X-1TB-Gold-Rush-Special-Edition-Battlefield-V-Console/353362535864?epid=18023141640&hash=item52460c65b8:g:FNkAAOSw9J9eUnmM,
"Xbox one X1 tb project scorpio edition BUNDLE - Headset, Controllers, Games, HDD",Pre-Owned,ILS 736.72,Tim,0,https://www.ebay.com/itm/Xbox-one-X1-tb-project-scorpio-edition-BUNDLE-Headset-Controllers-Games-HDD/203252837672?hash=item2f52d02d28:g:-PsAAOSwMlNgBvOe,
xbox One X Gold Rush Special Edition,Pre-Owned,ILS 584.26,Tim,0,https://www.ebay.com/itm/xbox-One-X-Gold-Rush-Special-Edition/363265587156?hash=item549450f7d4:g:8MgAAOSwU6VgCD-8,
xbox one x 1tb console,Pre-Owned,ILS 831.45,Tim,0,https://www.ebay.com/itm/xbox-one-x-1tb-console/124529312157?hash=item1cfe86819d:g:aykAAOSwuChgAaAZ,
Microsoft Xbox One x Hyperspace Special Edition 1TB,Brand New,ILS 771.82,Tim,0,https://www.ebay.com/itm/Microsoft-Xbox-One-X-Hyperspace-Special-Edition-1TB/124536966477?epid=20035198735&hash=item1cfefb4d4d:g:CUQAAOSw3lJgCG8-,0889842500332
xbox one x cyberpunk 2077 limited edition,New (Other),ILS 921.33,Tim,0,https://www.ebay.com/itm/xbox-one-x-cyberpunk-2077-limited-edition/383905533813?hash=item59628d8f75:g:~o0AAOSwpNVgAunS,
Xbox One X,Pre-Owned,ILS 449.43,Tim,0,https://www.ebay.com/itm/Xbox-One-X/254838613636?hash=item3b5590a684:g:g~0AAOSwUQZgBoKV,
xbox one x 1tb Gold Rush ,Pre-Owned,ILS 674.15,Tim,0,https://www.ebay.com/itm/xbox-one-x-1tb-Gold-Rush/293958089787?hash=item4471447c3b:g:EekAAOSwcnVgAsnG,
Microsoft Xbox One X 1TB Console - Black,Pre-Owned,ILS 468.22,5.0,0,https://www.ebay.com/itm/Microsoft-Xbox-One-X-1TB-Console-Black/274655011343?epid=238382386&hash=item3ff2b6e20f:g:QhoAAOSw6A9gCa3X,0886389157500
Microsoft Xbox One X Cyberpunk 2077 Limited Edition 1TB Console,Pre-Owned,ILS 760.25,5.0,0,https://www.ebay.com/itm/Microsoft-Xbox-One-X-Cyberpunk-2077-Limited-Edition-1TB-Console/383907569599?epid=13039964447&hash=item5962ac9fbf:g:W-sAAOSw8~Zfu29I,0889842564280
Microsoft Xbox One X 1TB Console - 2 Controllers 1 Headset Red Dead Redemption 2,Pre-Owned,ILS 573.00,5.0,0,https://www.ebay.com/itm/Microsoft-Xbox-One-X-1TB-Console-2-Controllers-1-Headset-Red-Dead-Redemption-2/293966768294?epid=238382386&hash=item4471c8e8a6:g:L88AAOSwvyhgCgYA,0886389157500
Xbox one x,Pre-Owned,ILS 851.32,Wat,0,https://www.ebay.com/itm/Xbox-one-x/373436116868?hash=item56f286ef84:g:YzwAAOSwBXhgClH4,
Cyberpunk 2077 Xbox One X Console 1 TB SEALED w/ Extra Controller Johnny Figure,Brand New,"ILS 3,274.27",5.0,0,https://www.ebay.com/itm/Cyberpunk-2077-Xbox-One-X-Console-1-TB-SEALED-w-Extra-Controller-Johnny-Figure/224286595616?epid=7039722816&hash=item343885da20:g:U5kAAOSwc-df306x,0889842564075
Xbox ONE X,Pre-Owned,ILS 656.44,Tim,0,https://www.ebay.com/itm/xbox-one-x/284156151845?hash=item422906c825:g:OuUAAOSwo25gCfBl,
Microsoft Xbox One X Hyper Space Special Edition Mint Condition FMP-00153,Pre-Owned,ILS 728.53,5.0,0,https://www.ebay.com/itm/Microsoft-Xbox-One-X-Hyper-Space-Special-Edition-Mint-Condition-FMP-00153/324458196347?epid=2305807221&hash=item4b8b372d7b:g:oqwAAOSw92dgB3KS,0889842477962
Microsoft Xbox One X 1TB Black Console,Pre-Owned,ILS 337.07,5.0,0,https://www.ebay.com/itm/Microsoft-Xbox-One-X-1TB-Black-Console/184631878393?epid=23031191832&hash=item2afceae2f9:g:6bkAAOSwQl1gCqqp,5027757108709
Microsoft Xbox One X 1TB Black Console superb condition,Pre-Owned,ILS 458.42,5.0,0,https://www.ebay.com/itm/Microsoft-Xbox-One-X-1TB-Black-Console-superb-condition/184626740925?epid=23031191832&hash=item2afc9c7ebd:g:vBAAAOSw4wdgBbPw,5027757108709
"Microsoft Xbox One X Console - 1TB, White. Excellent Condition In Box",Pre-Owned,ILS 478.05,Tim,0,https://www.ebay.com/itm/Microsoft-Xbox-One-X-Console-1TB-White-Excellent-Condition-In-Box/174605658387?hash=item28a74ee913:g:tSsAAOSwNYBgCdtA,
Xbox one x project scorpio edition ,Pre-Owned,ILS 503.36,Tim,0,https://www.ebay.com/itm/Xbox-one-x-project-scorpio-edition/203249818668?hash=item2f52a21c2c:g:t2UAAOSwYR9gAvBf,
Microsoft Xbox One X 1TB Black Console,Pre-Owned,ILS 943.80,5.0,0,https://www.ebay.com/itm/Microsoft-Xbox-One-X-1TB-Black-Console/324460844739?epid=23031191832&hash=item4b8b5f96c3:g:XjQAAOSw3JBgCq6U,5027757108709
Microsoft Xbox One X - 4k 1TB - with 26 Games,Pre-Owned,ILS 788.22,Tim,0,https://www.ebay.com/itm/Microsoft-Xbox-One-X-4k-1TB-with-26-Games/114636815383?hash=item1ab0e2fc17:g:KlEAAOSw31NgBVnH,
Xbox One X Robot White Special Edition 1tb Console MINT Condition,Pre-Owned,ILS 916.80,5.0,0,https://www.ebay.com/itm/Xbox-One-X-Robot-White-Special-Edition-1tb-Console-MINT-Condition/143924697353?epid=13027541443&hash=item2182949909:g:phkAAOSwMkVgCh9O,0889842353433
Xbox One X 1TB Console with Controller and Games,Pre-Owned,ILS 762.80,Tim,0,https://www.ebay.com/itm/Xbox-One-X-1TB-Console-with-Controller-and-Games/383912152761?hash=item5962f28eb9:g:67IAAOSwCyxgCPgh,
Microsoft Xbox One X 1TB Console with Controller ,Pre-Owned,ILS 458.42,5.0,0,https://www.ebay.com/itm/Microsoft-Xbox-One-X-1TB-Console-with-Controller/284156228893?epid=21031188036&hash=item422907f51d:g:XCMAAOSwyi5gCglj,0889842306200
Xbox One X 1tb Robot White Special Edition,Pre-Owned,ILS 589.37,5.0,0,https://www.ebay.com/itm/Xbox-One-X-1tb-Robot-White-Special-Edition/203255457041?epid=25027534800&hash=item2f52f82511:g:ZW4AAOSwLBBgCeu2,0889842383133
Microsoft Xbox One X 1TB Black Console,Pre-Owned,ILS 462.91,5.0,0,https://www.ebay.com/itm/Microsoft-Xbox-One-X-1TB-Black-Console/184631937730?epid=23031191832&hash=item2afcebcac2:g:fb0AAOSwYrZeNtY~,5027757108709
"Microsoft Xbox One X Manufacturer Refurbished Console - 1TB, Black",Pre-Owned,ILS 410.92,5.0,0,https://www.ebay.com/itm/Microsoft-Xbox-One-X-Manufacturer-Refurbished-Console-1TB-Black/353362073649?epid=25025035060&hash=item5246055831:g:B5QAAOSw-t5e~ucN,0040962849705
xbox one x 1tb console White,Pre-Owned,ILS 515.70,Tim,0,https://www.ebay.com/itm/xbox-one-x-1tb-console-White/393103512933?hash=item5b86cb9565:g:nQsAAOSw1V9gCPr9,
Microsoft Xbox One X 1TB Black: Used but great condition: 2 Controllers: No Box,Pre-Owned,ILS 346.06,Tim,0,https://www.ebay.com/itm/Microsoft-Xbox-One-X-1TB-Black-Used-but-great-condition-2-Controllers-No-Box/303856459667?hash=item46bf419f93:g:blwAAOSwDJxgCdyP,
Xbox one x console refurbished,Refurbished,ILS 633.61,Tim,0,https://www.ebay.com/itm/Xbox-one-x-console-refurbished/333865318408?hash=item4dbbec7808:g:wHwAAOSwnm1gCkEk,
Used Microsoft Xbox One X 1TB Console. Ships Next Day!,Pre-Owned,ILS 908.06,5.0,0,https://www.ebay.com/itm/Used-Microsoft-Xbox-One-X-1TB-Console-Ships-Next-Day/184631527026?epid=238382386&hash=item2afce58672:g:EdsAAOSw6zRgCghD,0886389157500
Microsoft Xbox One X 1tb Console-Black,Refurbished,ILS 791.71,Wat,0,https://www.ebay.com/itm/Microsoft-Xbox-One-X-1TB-Console-Nera/254750394258?hash=item3b504e8792:g:~oIAAOSw8OteQFmT,0889842306217
Microsoft Xbox One x 1TB Console +2 Controller,Pre-Owned,ILS 298.38,Tim,0,https://www.ebay.com/itm/Microsoft-Xbox-One-X-1TB-Konsole-2-Controller/303856929653?hash=item46bf48cb75:g:mJUAAOSwo25gCn84,0885370898248
"XBOX ONE X 1TB console bundle GREAT CONDITION 2 Controllers, 10 Games All Cables",Pre-Owned,ILS 696.62,Tim,0,https://www.ebay.com/itm/XBOX-ONE-X-1TB-console-bundle-GREAT-CONDITION-2-Controllers-10-Games-All-Cables/164658892373?hash=item26566f4e55:g:FpYAAOSwGJVgCfNQ,
Xbox One X 1 TB SSD,Pre-Owned,ILS 943.80,Wat,0,https://www.ebay.com/itm/Xbox-One-X-1-TB-SSD/124539907786?hash=item1cff282eca:g:sV4AAOSwi09gCrKw,
Xbox one console microsoft x 1tb,New (Other),ILS 596.77,Tim,0,https://www.ebay.com/itm/Consola-XBOX-ONE-X-1TB-Microsoft/303855205313?hash=item46bf2e7bc1:g:JCgAAOSwGPhf~9Sp,
Microsoft Xbox One X 1TB Black Console,Pre-Owned,ILS 337.07,5.0,0,https://www.ebay.com/itm/Microsoft-Xbox-One-X-1TB-Black-Console/193858975703?epid=23031191832&hash=item2d22e537d7:g:fb0AAOSwYrZeNtY~,5027757108709
Microsoft Xbox One X 1TB Black Console,Pre-Owned,ILS 224.72,5.0,0,https://www.ebay.com/itm/Microsoft-Xbox-One-X-1TB-Black-Console/373436291152?epid=23031191832&hash=item56f2899850:g:fb0AAOSwYrZeNtY~,5027757108709
Xbox One X Project Scorpio Edition With 18 Games!,Pre-Owned,ILS 458.42,Tim,0,https://www.ebay.com/itm/Xbox-One-X-Project-Scorpio-Edition-With-18-Games/224324590517?hash=item343ac99bb5:g:5YEAAOSwAXhgCpkD,
Xbox One S 1TB Fortnite Battle Royale Special Edition Bundle/ FACTORY SEALED!,Brand New,"ILS 2,357.49",5.0,0,https://www.ebay.com/itm/Xbox-One-S-1TB-Fortnite-Battle-Royale-Special-Edition-Bundle-FACTORY-SEALED/303715825394?epid=22032316475&hash=item46b6dfb6f2:g:E~cAAOSw~dxfe32I,
Xbox One X Konsole System 1TB Japan Microsoft CYV-00015 HDD Bluetooth 4K Neu,Brand New,"ILS 2,038.31",Top,0,https://www.ebay.com/itm/Xbox-One-X-Konsole-System-1TB-Japan-Microsoft-CYV-00015-HDD-Bluetooth-4K-Neu/114131472715?epid=9027457684&hash=item1a92c4114b:g:52cAAOSwOJJavRZS,4549576079592
Xbox One X Cyberpunk 2077 Edition,Brand New,"ILS 2,831.41",5.0,0,https://www.ebay.com/itm/Xbox-One-X-Cyberpunk-2077-Edition/363046118262?epid=25039041277&hash=item54873c2376:g:IRwAAOSwsQ5e3Ski,889842564150
Microsoft Xbox One X Cyberpunk 2077 Limited Edition Console SOLD OUT SEALED NEW,Brand New,"ILS 1,909.85",Wat,0,https://www.ebay.com/itm/Microsoft-Xbox-One-X-Cyberpunk-2077-Limited-Edition-Console-SOLD-OUT-SEALED-NEW/265010473286?hash=item3db3dae946:g:CKIAAOSwqNVf9sLB,
Xbox One X 1TB Console - Gears of War 5 Limited Edition Bundle +9 GAMES,Pre-Owned,"ILS 1,800.86",Wat,0,https://www.ebay.com/itm/Xbox-One-X-1TB-Console-Gears-of-War-5-Limited-Edition-Bundle-9-GAMES/124512999329?hash=item1cfd8d97a1:g:3SMAAOSw5Dlf8ow~,Does Not Apply
Xbox One X Cyberpunk 2077 Limited Edition Console Bundle 1TB IN HAND SHIPS FAST,Brand New,"ILS 2,128.29",5.0,0,https://www.ebay.com/itm/Xbox-One-X-Cyberpunk-2077-Limited-Edition-Console-Bundle-1TB-IN-HAND-SHIPS-FAST/333622151237?epid=7039722816&hash=item4dad6e0845:g:tVUAAOSws4te4YJi,889842564075
Microsoft Xbox One X 1TB Gears 5 Console Bundle New Unopened 2 of 2,Brand New,"ILS 1,060.87",Tim,0,https://www.ebay.com/itm/Microsoft-Xbox-One-X-1TB-Gears-5-Console-Bundle-New-Unopened-2-of-2/193859328675?hash=item2d22ea9aa3:g:AyEAAOSw2OtgAjUC,
Xbox One X Cyberpunk 2077 Limited Edition Console + Pad PAL New & Sealed!,Brand New,"ILS 2,247.11",Wat,0,https://www.ebay.com/itm/Xbox-One-X-Cyberpunk-2077-Limited-Edition-Console-Pad-PAL-New-Sealed/114620134266?hash=item1aafe4737a:g:aZEAAOSwE3Bf09TT,
Xbox One (1st Gen XBOX OG) X2.6 Chip V.26 Original Xbox NEW in Package,Brand New,ILS 275.70,Wat,0,https://www.ebay.com/itm/Xbox-One-1st-Gen-XBOX-OG-X2-6-Chip-V-26-Original-Xbox-NEW-in-Package/233631298407?hash=item366582b367:g:A7oAAOSwkO5e9nck,
Microsoft Xbox ONE X Gears 5 Limited Edition 1TB Console - 'The Masked Man',Pre-Owned,"ILS 1,777.32",Top,0,https://www.ebay.com/itm/Microsoft-Xbox-ONE-X-Gears-5-Limited-Edition-1TB-Console-The-Masked-Man/202992021022?hash=item2f43446e1e:g:26EAAOSwjdRevovd,N/A
Xbox One X 1TB Console Player Unknown's Battlegrounds Bundle Very Good 1Z,Pre-Owned,"ILS 1,683.77",Wat,0,https://www.ebay.com/itm/Xbox-One-X-1TB-Console-Player-Unknowns-Battlegrounds-Bundle-Very-Good-1Z/402619696333?hash=item5dbe0104cd:g:emwAAOSwi9Vf4oyH,300849992260
XBox One X Project Scorpio Edition CIB w/extra Wireless Elite Cont + 5 games,Pre-Owned,"ILS 1,637.15",Wat,0,https://www.ebay.com/itm/XBox-One-X-Project-Scorpio-Edition-CIB-w-extra-Wireless-Elite-Cont-5-games/184610848410?hash=item2afba9fe9a:g:lD0AAOSwj8FfUqIF,
Xbox One S 1TB Fortnite Battle Royale Special Edition Bundle/ FACTORY SEALED!,Brand New,"ILS 2,946.87",5.0,0,https://www.ebay.com/itm/Xbox-One-S-1TB-Fortnite-Battle-Royale-Special-Edition-Bundle-FACTORY-SEALED/254768935164?epid=22032316475&hash=item3b516970fc:g:Q70AAOSwaYdfIYkj,
Microsoft Xbox One X 1TB Console - Black,Pre-Owned,"ILS 1,064.15",5.0,0,https://www.ebay.com/itm/Microsoft-Xbox-One-X-1TB-Console-Black/264893372007?epid=238382386&hash=item3dace01667:g:J6YAAOSwS79fY~Nq,
"Microsoft Xbox One S 1TB HDD Bundle with Two (2X) Wireless Controllers, 1-Month ",Brand New,"ILS 1,964.58",Wat,0,https://www.ebay.com/itm/Microsoft-Xbox-One-S-1TB-HDD-Bundle-with-Two-2X-Wireless-Controllers-1-Month/363264903059?hash=item5494468793:g:8P4AAOSwTVVgB2kV,Does not apply
Microsoft Xbox One X 1TB Star Wars Jedi: Fallen Order Includes 2 EXT Hard Drives,Pre-Owned,"ILS 1,555.29",5.0,0,https://www.ebay.com/itm/Microsoft-Xbox-One-X-1TB-Star-Wars-Jedi-Fallen-Order-Includes-2-EXT-Hard-Drives/154152711160?epid=21034673803&hash=item23e437b3f8:g:f3kAAOSw3Tdfj09Q,0889842485257
Cyberpunk 2077 Microsoft Xbox One X Limited Edition Console Bundle BRAND NEW,Brand New,"ILS 2,291.84",5.0,0,https://www.ebay.com/itm/Cyberpunk-2077-Microsoft-Xbox-One-X-Limited-Edition-Console-Bundle-BRAND-NEW/114254152838?epid=7039722816&hash=item1a9a140486:g:IqkAAOSwxMle37Wg,0889842564075
Microsoft Xbox One X 1TB 4K HDR Console ,Brand New,"ILS 2,881.38",5.0,0,https://www.ebay.com/itm/Microsoft-Xbox-One-X-1TB-4K-HDR-Console/274462021846?epid=238382386&hash=item3fe73618d6:g:sHoAAOSwNJNfObJT,0889842208252
New Xbox One X CYV-00015 Console System 1TB Microsoft import Japanese game,Brand New,"ILS 2,465.32",Top,0,https://www.ebay.com/itm/New-Xbox-One-X-CYV-00015-Console-System-1TB-Microsoft-import-Japanese-game/292432506941?hash=item441655f03d:g:uvEAAOSwODFacsj1,4549576079592
xbox one x 1 Terabyte 4K Ultra HD,Pre-Owned,"ILS 1,211.49",Wat,0,https://www.ebay.com/itm/xbox-one-x-1-Terabyte-4K-Ultra-HD/353286163340?hash=item52417f0b8c:g:fFQAAOSwYxFfuCo8,
Xbox One X Console System CYV-0015 HDD 1TB Japan Import From Japan NEW,Brand New,"ILS 1,936.45",Wat,0,https://www.ebay.com/itm/Xbox-One-X-Console-System-CYV-0015-HDD-1TB-Japan-Import-From-Japan-NEW/303117413952?hash=item469334ae40:g:-vQAAOSwO-ZcproD,4549576079592
Microsoft Xbox Series X 1TB Video Game Console - Black - One Controller,Pre-Owned,"ILS 2,030.06",5.0,0,https://www.ebay.com/itm/Microsoft-Xbox-Series-X-1TB-Video-Game-Console-Black-One-Controller/333862778948?epid=14040988378&hash=item4dbbc5b844:g:LsIAAOSwaShgBwQ2,0696055228331
"Microsoft Xbox One X or S - Customized - X1X / X1S with up to 2TB HDD, SSHD, SSD",Open Box,"ILS 1,620.78",0,0,https://www.ebay.com/itm/Microsoft-Xbox-One-X-or-S-Customized-X1X-X1S-with-up-to-2TB-HDD-SSHD-SSD/142812604678?hash=item21404b6906:g:AncAAOSwL7pa7NqQ,
Microsoft Xbox One X Cyberpunk 2077 Limited Edition Console SOLD OUT SEALED NEW.,Brand New,"ILS 1,909.85",Wat,0,https://www.ebay.com/itm/Microsoft-Xbox-One-X-Cyberpunk-2077-Limited-Edition-Console-SOLD-OUT-SEALED-NEW/265006850304?hash=item3db3a3a100:g:d2UAAOSwlMJfQYF-,
BRAND NEW SEALED MICROSOFT XBOX ONE X 1TB CONSOLE Xbox Enhanced [DISTCONTINUED],Brand New,"ILS 2,062.77",5.0,0,https://www.ebay.com/itm/BRAND-NEW-SEALED-MICROSOFT-XBOX-ONE-X-1TB-CONSOLE-Xbox-Enhanced-DISTCONTINUED/124524047931?epid=7039722816&hash=item1cfe362e3b:g:GLYAAOSwio1f~VzY,0889842564075
Xbox One X + Fallout 76 Microsoft 53518 1 TB 4K HDR White,Brand New,"ILS 2,991.40",Wat,0,https://www.ebay.com/itm/Xbox-One-X-Fallout-76-Microsoft-53518-1-TB-4K-HDR-White/174312708732?hash=item2895d8da7c:g:sR8AAOSwaztetvz6,Does not apply
Microsoft Xbox One X 1TB Console Black NBA2K19 BUNDLE EXCELLENT - SHIPS FAST -,Pre-Owned,"ILS 1,146.00",Wat,0,https://www.ebay.com/itm/Microsoft-Xbox-One-X-1TB-Console-Black-NBA2K19-BUNDLE-EXCELLENT-SHIPS-FAST/324451108952?hash=item4b8acb0858:g:-KUAAOSwpMpf~maw,
Xbox one x project scorpio edition-new-very rare-collectors,New (Other),"ILS 1,989.18",Wat,0,https://www.ebay.com/itm/XBOX-ONE-X-PROJECT-SCORPIO-EDITION-NEW-VERY-RARE-COLLECTORS/184616957040?hash=item2afc073470:g:-OgAAOSwrOlf8zXv,
"XBOX One X Cyberpunk 2077 Limited Edition Bundle [Brand New, Sealed, AU-PAL]",Brand New,"ILS 2,008.70",Wat,0,https://www.ebay.com/itm/XBOX-One-X-Cyberpunk-2077-Limited-Edition-Bundle-Brand-New-Sealed-AU-PAL/174604096691?hash=item28a73714b3:g:lKEAAOSw10BfkP30,
Microsoft XBox One X 1TB Console Video Game System Bundle 4K Ultra HD Black,Refurbished,"ILS 1,309.56",Wat,0,https://www.ebay.com/itm/Microsoft-XBox-One-X-1TB-Console-Video-Game-System-Bundle-4K-Ultra-HD-Black/402652853580?hash=item5dbffaf54c:g:dMEAAOSw2V5f8JhH,0886389157500
Second Hand Xbox One X White Special Edition Fmp-00063,Pre-Owned,"ILS 1,944.61",Wat,0,https://www.ebay.com/itm/Second-Hand-Xbox-One-X-White-Special-Edition-Fmp-00063/164596657388?hash=item2652b9acec:g:RFcAAOSwp19f4ano,Does Not Apply
"Xbox one X Bundle. Xbox (w/box), 2 Controllers, Charging Doc & Wireless Headset!",Pre-Owned,"ILS 1,555.29",Wat,0,https://www.ebay.com/itm/Xbox-one-X-Bundle-Xbox-w-box-2-Controllers-Charging-Doc-Wireless-Headset/284116078732?hash=item4226a3508c:g:vK8AAOSwETVf0zjl,
Microsoft Xbox One X Scorpio Edition 16TB +Monster Collection 1615 Digital Games,Pre-Owned,"ILS 44,943.01",Wat,0,https://www.ebay.com/itm/Microsoft-Xbox-One-X-Scorpio-Edition-16TB-Monster-Collection-1615-Digital-Games/254731504756?hash=item3b4f2e4c74:g:a~4AAOSwEUJfcNpa,
Microsoft Xbox One X Cyber Punk 2077 LE - Customized - X1X with 2TB SSD,Brand New,"ILS 2,619.41",5.0,0,https://www.ebay.com/itm/Microsoft-Xbox-One-X-Cyber-Punk-2077-LE-Customized-X1X-with-2TB-SSD/284069563120?epid=7039722816&hash=item4223dd8af0:g:nEAAAOSwxF5foPzu,0889842564075
"Custom Xbox One X Shell ""Do it Yourself"" top/bottom Fits Console replacement led",Pre-Owned,ILS 361.38,Pre,0,https://www.ebay.com/itm/Custom-Xbox-One-X-Shell-Do-it-Yourself-top-bottom-Fits-Console-replacement-led/203169078092?hash=item2f4dd21b4c:g:KOkAAOSwE0Be2XvJ,0641275699348
Xbox One X Console System 1TB Microsoft CYV-00015 HDD Bluetooth 4K Japan NEW,Brand New,"ILS 2,128.26",Top,0,https://www.ebay.com/itm/Xbox-One-X-Console-System-1TB-Microsoft-CYV-00015-HDD-Bluetooth-4K-Japan-NEW/123961169548?epid=28008799420&hash=item1cdca9568c:g:IYAAAOSwnt5anQIH,4549576079592
Microsoft Xbox One X Scorpio Edition 1TB Game Console - Black,Pre-Owned,"ILS 1,573.01",5.0,0,https://www.ebay.com/itm/Microsoft-Xbox-One-X-Scorpio-Edition-1TB-Game-Console-Black/184615837466?epid=22032166168&hash=item2afbf61f1a:g:prIAAOSwV~Nf-2LN,0889842208535
(Pa2) Microsoft Xbox One X Project Scorpio Edition 1TB Black Console - Boxed ,Pre-Owned,"ILS 1,182.90",5.0,0,https://www.ebay.com/itm/Pa2-Microsoft-Xbox-One-X-Project-Scorpio-Edition-1TB-Black-Console-Boxed/353200052501?epid=239434827&hash=item523c5d1915:g:TtMAAOSwKGRfW6MS,889842208474
NEW* Microsoft Xbox One X 1TB Console 4K ULTRA HD/HDR/4K BLUE-RAY (1787)- Black,Open Box,"ILS 1,800.83",5.0,0,https://www.ebay.com/itm/NEW-Microsoft-Xbox-One-X-1TB-Console-4K-ULTRA-HD-HDR-4K-BLUE-RAY-1787-Black/224303695831?epid=238382386&hash=item34398ac7d7:g:k~0AAOSwE3Rf8iqh,0886389157500
Xbox one x 1tb 4k HDR Black Console Bundle w controller-us edition-brand new,Brand New,"ILS 1,392.25",Wat,0,https://www.ebay.com/itm/Xbox-One-X-1TB-4K-HDR-Black-Console-Bundle-w-Controller-US-Edition-BRAND-NEW/284103286270?hash=item4225e01dfe:g:7rAAAOSw765ftl4W,
Microsoft Xbox One X Project Scorpio Edition 1TB Games Console (0105101317),Brand New,"ILS 3,185.66",Wat,0,https://www.ebay.com/itm/Microsoft-Xbox-One-X-Project-Scorpio-Edition-1TB-Games-Console-0105101317/114567895366?hash=item1aacc75946:g:hSwAAOSwc9VcN7cT,
Brand NEW Microsoft Xbox One X Project Scorpio Limited Edition 1TB Console Black,Brand New,"ILS 2,619.41",5.0,0,https://www.ebay.com/itm/Brand-NEW-Microsoft-Xbox-One-X-Project-Scorpio-Limited-Edition-1TB-Console-Black/193680517601?epid=239434237&hash=item2d184229e1:g:vHIAAOSwSyJfbBxf,0672773738734
Microsoft Xbox One X Gears 5 Limited Edition Console 1TB BRAND NEW & RARE USA,Brand New,"ILS 3,437.98",5.0,0,https://www.ebay.com/itm/Microsoft-Xbox-One-X-Gears-5-Limited-Edition-Console-1TB-BRAND-NEW-RARE-USA/174146118155?epid=17033821767&hash=item288beae20b:g:~8cAAOSw29ZeEWwS,
Microsoft Xbox One X 1TB Console & Forza Horizon 4 LEGO Speed Bundle,New (Other),"ILS 1,613.45",5.0,0,https://www.ebay.com/itm/Microsoft-Xbox-One-X-1TB-Console-Forza-Horizon-4-LEGO-Speed-Bundle/254831859719?epid=20034672274&hash=item3b55299807:g:MaoAAOSwr6Bf7ywf,0889842522761
Xbox One X Cyberpunk 2077 Limited Edition 1TB Console Bundle,Brand New,"ILS 2,455.72",Wat,0,https://www.ebay.com/itm/Xbox-One-X-Cyberpunk-2077-Limited-Edition-1TB-Console-Bundle/313241286070?hash=item48eea2b5b6:g:QWgAAOSwxEde3CQj,Does Not Apply
Microsoft Xbox One X 1TB Console - Black,Pre-Owned,"ILS 1,047.78",5.0,0,https://www.ebay.com/itm/Microsoft-Xbox-One-X-1TB-Console-Black/402451416922?epid=238382386&hash=item5db3f9475a:g:~fQAAOSw1EtfaMxj,0886389157500
Microsoft Xbox One X Project Scorpio Edition 1TB Black Console,Brand New,"ILS 2,471.87",5.0,0,https://www.ebay.com/itm/Microsoft-Xbox-One-X-Project-Scorpio-Edition-1TB-Black-Console/333852480498?epid=239434827&hash=item4dbb2893f2:g:RfsAAOSwWrFf-b-h,0889842208474
Xbox one x cyberpunk 2077 limited edition + Game Colectors Edytion,Brand New,"ILS 3,595.44",Wat,0,https://www.ebay.com/itm/Xbox-one-x-cyberpunk-2077-limited-edition-Game-Colectors-Edytion/184577169064?hash=item2af9a816a8:g:L60AAOSwlHdf1I4s,
"Microsoft Xbox One X 1TB 4k Blu Ray Black Console, 2 Controller, HDMI,Power Cord",Pre-Owned,"ILS 1,637.15",5.0,0,https://www.ebay.com/itm/Microsoft-Xbox-One-X-1TB-4k-Blu-Ray-Black-Console-2-Controller-HDMI-Power-Cord/303807039902?epid=238382386&hash=item46bc4f899e:g:jqoAAOSwum1f0~3L,0886389157500
Microsoft Xbox One X 1TB Gears 5 Console Bundle New Unopened 1 of 2,Brand New,"ILS 1,060.87",Tim,0,https://www.ebay.com/itm/Microsoft-Xbox-One-X-1TB-Gears-5-Console-Bundle-New-Unopened-1-of-2/193859332728?hash=item2d22eaaa78:g:~kYAAOSwCQBgAjS4,
MICROSOFT XBOX ONE X PROJECT SCORPIO LIMITED EDITION 1TB CONSOLE +1 YR XBOX LIVE,Brand New,"ILS 2,455.72",5.0,0,https://www.ebay.com/itm/MICROSOFT-XBOX-ONE-X-PROJECT-SCORPIO-LIMITED-EDITION-1TB-CONSOLE-1-YR-XBOX-LIVE/284128358303?epid=239434237&hash=item42275eaf9f:g:~zQAAOSwBQ1eTDVV,0672773738734
Microsoft Xbox One X,Pre-Owned,"ILS 1,146.00",5.0,0,https://www.ebay.com/itm/Microsoft-Xbox-One-X/303854132303?epid=238382386&hash=item46bf1e1c4f:g:0HgAAOSwp69f~o5E,0886389157500
"500GB Xbox One Console -HDMI Cable,Play&Charge Docking Station X2 Controllers",Pre-Owned,ILS 476.40,Tim,0,https://www.ebay.com/itm/500GB-Xbox-One-Console-HDMI-Cable-Play-Charge-Docking-Station-X2-Controllers/224321519332?hash=item343a9abee4:g:vQ0AAOSwcARgBuJH,
Microsoft Xbox One X console - 2TB project Scorpio edition + Project Scorpio,Pre-Owned,"ILS 1,193.33",Top,0,https://www.ebay.com/itm/Microsoft-Xbox-ONE-X-Konsole-2TB-Projekt-Scorpio-Edition-Projekt-Scorpio/392992426187?hash=item5b802c88cb:g:CREAAOSw8XRfye-E,0889842208559
Microsoft Xbox ONE X Cyberpunk Limited Edition Console - 'The Masked Man',Pre-Owned,"ILS 1,777.32",Top,0,https://www.ebay.com/itm/Microsoft-Xbox-ONE-X-Cyberpunk-Limited-Edition-Console-The-Masked-Man/203051731694?hash=item2f46d38aee:g:J2MAAOSwH6dfEogS,N/A
"Microsoft Xbox One X 1TB Console, VGC, MANY GAMES ON THE CONSOLE, NO CONTROLLER ",Pre-Owned,"ILS 1,123.49",5.0,0,https://www.ebay.com/itm/Microsoft-Xbox-One-X-1TB-Console-VGC-MANY-GAMES-ON-THE-CONSOLE-NO-CONTROLLER/184617530620?epid=23031191832&hash=item2afc0ff4fc:g:bDYAAOSwixNf~OSC,5027757108709
* xbox one x-project scorpio * like new *,Pre-Owned,"ILS 1,189.55",Wat,0,https://www.ebay.com/itm/Xbox-One-X-Project-Scorpio-Like-new/233691084851?hash=item366912f833:g:q1AAAOSw4C5fIYzU,
Microsoft Xbox One X 1TB Console - Black,Pre-Owned,ILS 851.28,5.0,0,https://www.ebay.com/itm/Microsoft-Xbox-One-X-1TB-Console-Black/274654365061?epid=238382386&hash=item3ff2ad0585:g:RvUAAOSwCGlgCNMr,0886389157500
(R) Microsoft Xbox One X console - 1TB + Original Controller Ultra HD defect,Pre-Owned,ILS 994.41,Top,0,https://www.ebay.com/itm/R-Microsoft-Xbox-ONE-X-Konsole-1TB-original-Controller-Ultra-HD-Mangel/363155266803?hash=item548dbd9cf3:g:~yEAAOSwGMtflsGV,889842208337
Cyberpunk 2077 Limited Edition Xbox One X Console In-Hand Fast Shipping,Brand New,"ILS 1,964.48",Wat,0,https://www.ebay.com/itm/Cyberpunk-2077-Limited-Edition-Xbox-One-X-Console-In-Hand-Fast-Shipping/254813256614?hash=item3b540dbba6:g:nncAAOSw6bVf33Ia,
Xbox One X 1TB & Xbox One Original 500GB - 2 Controllers - Games Not Included,Pre-Owned,"ILS 1,146.00",4.5,0,https://www.ebay.com/itm/Xbox-One-X-1TB-Xbox-One-Original-500GB-2-Controllers-Games-Not-Included/174570267004?epid=8031089592&hash=item28a532e17c:g:qCwAAOSwabNgA3Pc,0696579865012
Microsoft Xbox One X 1tb 4k Ultra HD Gaming Console,Pre-Owned,"ILS 1,306.41",4.0,0,https://www.ebay.com/itm/Microsoft-Xbox-One-X-1tb-4k-Ultra-HD-Gaming-Console/224324214516?epid=8026284707&hash=item343ac3def4:g:yq8AAOSwH49eidrF,0603784352176
Microsoft Xbox One X Project Scorpio Edition 1TB Black Console,New (Other),"ILS 2,471.87",Wat,0,https://www.ebay.com/itm/Microsoft-Xbox-One-X-Project-Scorpio-Edition-1TB-Black-Console/174575307291?hash=item28a57fca1b:g:l3MAAOSwo69e3lAF,
Xbox One X 1tb Cyberpunk 2077 Limited Edition Console,Brand New,"ILS 1,735.38",5.0,0,https://www.ebay.com/itm/Xbox-One-X-1tb-Cyberpunk-2077-Limited-Edition-Console/143899220030?epid=7039722816&hash=item21810fd83e:g:OQMAAOSwwoRf56q8,0889842564075
Microsoft Xbox One X 1TB Gears 5 Limited Edition Console Bundle,Pre-Owned,"ILS 1,309.69",5.0,0,https://www.ebay.com/itm/Microsoft-Xbox-One-X-1TB-Gears-5-Limited-Edition-Console-Bundle/184628917795?epid=17033821767&hash=item2afcbdb623:g:KnMAAOSwwqpgB7IW,
Microsoft Xbox One X 1TB (Black) (**6 MONTH WARRANTY**),Refurbished,"ILS 1,235.89",5.0,0,https://www.ebay.com/itm/Microsoft-Xbox-One-X-1TB-Black-6-MONTH-WARRANTY/303845039762?epid=23031191832&hash=item46be935e92:g:-LgAAOSw4wRf~gTN,5027757108709
Xbox one x cyberpunk 2077 limited limited edition new,Brand New,"ILS 1,670.94",Wat,0,https://www.ebay.com/itm/Xbox-One-X-Cyberpunk-2077-Limitee-Limited-Edition-Neuve/373417637080?hash=item56f16cf4d8:g:Mb8AAOSw-k1f4bvo,
Microsoft Xbox One X 1TB Game Console,Pre-Owned,ILS 654.86,5.0,0,https://www.ebay.com/itm/Microsoft-Xbox-One-X-1TB-Game-Console/303854540469?epid=238382386&hash=item46bf2456b5:g:f5AAAOSwtbFgB7f0,0886389157500
Microsoft Xbox One X Gears 5 Limited Edition Console REGION FREE,Brand New,"ILS 2,619.44",5.0,0,https://www.ebay.com/itm/Microsoft-Xbox-One-X-Gears-5-Limited-Edition-Console-REGION-FREE/174513392358?epid=17033821767&hash=item28a1cf0ae6:g:olwAAOSwluVfqs7p,
Xbox One X,Pre-Owned,"ILS 1,800.86",Wat,0,https://www.ebay.com/itm/Xbox-One-X/174508194504?hash=item28a17fbac8:g:wicAAOSw2CNfn6Nu,
Xbox One X 1TB Special Edition Console,New (Other),"ILS 1,572.96",Wat,0,https://www.ebay.com/itm/Xbox-One-X-1TB-Special-Edition-Console/303840595676?epid=21039041208&hash=item46be4f8edc:g:VxcAAOSwzPlfypeG,889842388336
Microsoft Xbox One X 1Tb Console With Wireless Controller: Xbox One X. Pre-Owned,Pre-Owned,"ILS 1,028.10",Top,0,https://www.ebay.com/itm/Microsoft-Xbox-One-X-1Tb-Console-With-Wireless-Controller-Xbox-One-X-Pre-Owned/143643022763?hash=item2171ca95ab:g:X5gAAOSwOape90Ss,Does not apply
Xbox One X - Project Scorpio - 1TB/Black - MINT w/box AND extra controller!,Pre-Owned,"ILS 1,211.46",5.0,0,https://www.ebay.com/itm/Xbox-One-X-Project-Scorpio-1TB-Black-MINT-w-box-AND-extra-controller/124522128253?epid=239434237&hash=item1cfe18e37d:g:rPMAAOSw1m5f-2HL,
Xbox One 500GB Console + 2 games 1x Controller wires,Pre-Owned,ILS 651.63,Wat,0,https://www.ebay.com/itm/Xbox-One-500GB-Console-2-games-1x-Controller-wires/284155922422?hash=item42290347f6:g:eoQAAOSwxYVgCbL3,
Xbox one x Cyberpunk 2077 edition,Brand New,ILS 795.69,Wat,0,https://www.ebay.com/itm/Xbox-one-X-Cyberpunk-2077-Edition/254807089760?hash=item3b53afa260:g:GfQAAOSwktpf1npe,
Microsoft Xbox One X console - 1TB Hyperspace Edition + Controller Ultra HD,Pre-Owned,"ILS 1,312.68",Top,0,https://www.ebay.com/itm/Microsoft-Xbox-ONE-X-Konsole-1TB-Hyperspace-Edition-Controller-Ultra-HD/363264363301?epid=20035198735&hash=item54943e4b25:g:NZMAAOSw2f9gBugO,0889842500332
Microsoft Xbox One X 1TB 4k BluRay Console HDMI and Power Cord & Controler,Refurbished,"ILS 1,309.69",5.0,0,https://www.ebay.com/itm/Microsoft-Xbox-One-X-1TB-4k-BluRay-Console-HDMI-and-Power-Cord-Controler/324436019734?epid=238382386&hash=item4b89e4ca16:g:BicAAOSwraNf665~,0886389157500
Microsoft Xbox One X 1TB Tom Clancy's The Division 2 Console Bundle - Black,Pre-Owned,"ILS 1,309.72",4.5,0,https://www.ebay.com/itm/Microsoft-Xbox-One-X-1TB-Tom-Clancys-The-Division-2-Console-Bundle-Black/164656415505?epid=25031081713&hash=item2656498311:g:lGEAAOSwUN1gCGzt,0889842408799
Microsoft Xbox One X 1tb 4k Ultra HD Gaming Console With BOX!!Amazing CONDITION,Pre-Owned,"ILS 1,146.00",4.0,0,https://www.ebay.com/itm/Microsoft-Xbox-One-X-1tb-4k-Ultra-HD-Gaming-Console-With-BOX-Amazing-CONDITION/254838560437?epid=8026284707&hash=item3b558fd6b5:g:yq8AAOSwH49eidrF,0603784352176
Microsoft Xbox One X Project Scorpio Edition 1TB Console - Black W/ 1 Game,Pre-Owned,"ILS 1,260.60",5.0,0,https://www.ebay.com/itm/Microsoft-Xbox-One-X-Project-Scorpio-Edition-1TB-Console-Black-W-1-Game/133625960142?epid=239434237&hash=item1f1cba56ce:g:C9QAAOSwBGJf8MNo,
"Fallout 76 Xbox One X SE, 2 Controllers, 5TB Ext-HD, Headset, On TV/Wall Mount",Pre-Owned,ILS 663.05,Tim,0,https://www.ebay.com/itm/Fallout-76-Xbox-One-X-SE-2-Controllers-5TB-Ext-HD-Headset-On-TV-Wall-Mount/254836725356?hash=item3b5573d66c:g:E8QAAOSw669gA4~F,
Microsoft Xbox One X 1TB Console - Black,Pre-Owned,"ILS 1,719.01",5.0,0,https://www.ebay.com/itm/Microsoft-Xbox-One-X-1TB-Console-Black/233827959070?epid=238382386&hash=item36713b811e:g:T3AAAOSwvddf3nbT,0886389157500
Microsoft Xbox One X Project Scorpio Edition 1TB Bundle ,Pre-Owned,"ILS 1,190.99",5.0,0,https://www.ebay.com/itm/Microsoft-Xbox-One-X-Project-Scorpio-Edition-1TB-Bundle/284143397399?epid=239434827&hash=item4228442a17:g:BRMAAOSwS~tf-jBS,0889842208474
Xbox One X 1TB Gears 5 Limited Edition Console W/Series X Controller Microsoft,Pre-Owned,ILS 992.11,5.0,0,https://www.ebay.com/itm/Xbox-One-X-1TB-Gears-5-Limited-Edition-Console-W-Series-X-Controller-Microsoft/203255775841?epid=17033821767&hash=item2f52fd0261:g:HpQAAOSwq~Nf1YiJ,
Microsoft Xbox One Consoles - Xbox One Xbox One S 500GB/1TB and Xbox One X,Refurbished,ILS 966.23,0,0,https://www.ebay.com/itm/Microsoft-Xbox-One-Consoles-Xbox-One-Xbox-One-S-500GB-1TB-and-Xbox-One-X/333254884392?hash=item4d9789fc28:g:2CwAAOSwvrFfkqdH,
"Xbox one s 500gb white console NotBoxed, Controller, 18 x Games, Power+hdmi Lead",Pre-Owned,ILS 674.15,Tim,0,https://www.ebay.com/itm/Xbox-one-s-500gb-white-console-NotBoxed-Controller-18-x-Games-Power-hdmi-Lead/133642635939?hash=item1f1db8caa3:g:MRoAAOSwK0dgB01p,
Xbox One console  - 500GB Xbox One - Working Condition & X2 Controllers,Pre-Owned,ILS 301.12,Tim,0,https://www.ebay.com/itm/Xbox-One-console-500GB-Xbox-One-Working-Condition-X2-Controllers/184630898814?hash=item2afcdbf07e:g:HWkAAOSwWUJf9Hhn,
Microsoft Xbox One X Project Scorpio Edition 1TB Console - Black,Pre-Owned,ILS 600.83,5.0,0,https://www.ebay.com/itm/Microsoft-Xbox-One-X-Project-Scorpio-Edition-1TB-Console-Black/333863349150?epid=239434237&hash=item4dbbce6b9e:g:yUsAAOSwmfNgB5LI,0672773738734
Xbox One X 1TB Gears Of War 5 Edition + 4TB External Hard Drive +14 Games Lot,Pre-Owned,ILS 728.53,Tim,0,https://www.ebay.com/itm/Xbox-One-X-1TB-Gears-Of-War-5-Edition-4TB-External-Hard-Drive-14-Games-Lot/303855926106?hash=item46bf397b5a:g:HnQAAOSw96xgB~ii,0889842477733
Microsoft Xbox One X 1TB Console - Black,Pre-Owned,ILS 479.68,5.0,0,https://www.ebay.com/itm/Microsoft-Xbox-One-X-1TB-Console-Black/265017161621?epid=238382386&hash=item3db440f795:g:9lcAAOSwp~dfHsHp,0886389157500
Microsoft Xbox One X Project Scorpio Edition 1TB Console - Black,Pre-Owned,ILS 523.89,5.0,0,https://www.ebay.com/itm/Microsoft-Xbox-One-X-Project-Scorpio-Edition-1TB-Console-Black/303851577488?epid=239434237&hash=item46bef72090:g:86EAAOSwqulgBOhX,0672773738734
Microsoft Xbox One X 1TB Console - Black with Controller & 1 Game,Pre-Owned,ILS 884.03,5.0,0,https://www.ebay.com/itm/Microsoft-Xbox-One-X-1TB-Console-Black-with-Controller-1-Game/274655506259?epid=238382386&hash=item3ff2be6f53:g:G9EAAOSwig9gCk0h,0886389157500
Name,Status,Price,Stars,Ratings,URL,UPC
Kappa S/S 222 BANDA BALIMA T-SHIRT WHITE/MULTICOLOR 304NQ00-B2A,Brand New,ILS 81.82,Top,0,https://www.ebay.com/itm/Kappa-S-S-222-BANDA-BALIMA-T-SHIRT-WHITE-MULTICOLOR-304NQ00-B2A/174576575926?_trkparms=ispr%3D1&hash=item28a59325b6:g:Q9gAAOSwQPVf656M&amdata=enc%3AAQAFAAACcBaobrjLl8XobRIiIML1V4Imu%252Fn%252BzU5L90Z278x5ickkSG%252BOFgrj2Yvbvmrj2TAdMxILFcLglMhJkWS1pvp0PZWBgItgQRGFI2UJzC4eYGllrv0ST0NjqcwQi3HldBpFypLApZhB%252BAcezrM%252FoyRNOOUye%252F42pbrKofhbJ%252Bgm%252F7bHpQYhYrIKCrBtSyq%252FMvRixcZ6rYi2ezq1%252B3fgxC1AlEnY0ipxropB8HlBXt2gEv9Sg2%252F4uCMUx6pGxf92KuRChcrlO92SMP5Z4qim7EqVyo4VFM58%252BU4V7I%252FnOl4A%252BDg1q8RdWV3cud6DLZ7vEgtaExE4eJgWLkiwmIDk4vA6v1XYwXp6tLCKzOa4z3p5tl5cdoOdnALWczhxqXxPftyeYtN1Zv9kloGHP1xdfJZw5TLBwotCnrGD0E4Yz1%252FgQ6PLH9GZyw3MEXWKPHweurFA29sqA6h%252BVvrJhzz78F9QiqbKCkEpc74xL50plHWByQPzFBNf9x%252FRVi6akcxpLuxv9VGmSSU13yVM%252FqZAFbuMdT9hQNXZ0B%252Bekw5cSCE7GASjweJrDwxLSYgq0SXapZOFv5Op7raZfwb37NRXszEuo8NAbRvRURBBor7S27mh9Sqe6iQR1aCMQXTVhVzCpeaEi0zd4cvJ69%252FdBmdnPe7cVvB%252FVMScigzB%252BvWtl%252FutjUnGvnVa64O39xI%252FznOQy%252BsMxRJk2X5D5sfyPS95NENO7o9ddMoIhleSdOVOjSqA6pusOnuawiqCjwJoEB524IYLnnYKFwU4cBXB3Gc0ADmTfSQezrk%252BrVAM8NQP3rxavncVrCbw07Or3mwdWlbhT%252B4lcw%253D%253D%7Ccksum%3A17457657592679a727dd6a0f4491bcc12ad2068ae3ff%7Campid%3APL_CLK%7Cclp%3A2334524,
Pi Kappa Alpha Tee - Pikes Fraternity Preppy Plaid Applique Letters T Shirt Sm,Pre-Owned,ILS 81.82,Top,0,https://www.ebay.com/itm/Pi-Kappa-Alpha-Tee-Pikes-Fraternity-Preppy-Plaid-Applique-Letters-T-Shirt-Sm/251974576967?_trkparms=ispr%3D1&hash=item3aaadaeb47:g:6m8AAOSw3xJVZdDB&amdata=enc%3AAQAFAAACcBaobrjLl8XobRIiIML1V4Imu%252Fn%252BzU5L90Z278x5ickkrDx%252B2NLp21dg6hHbHAkGMXocj6tcGy9HTreucFGun%252BZga8PLD%252BWIvuZaWeh1bheEyfRD0or%252BMAE3C7vZF5hxJSPq%252F5tqjphfGO4g7vYBoNB2AHrGsa%252BCkemX5tYIwVJvjU8cW2%252BvgBSE203q0DAROQBNDKqNIfqOemRQ7GgJK3a8qY6k2QlnFBdRxFKXTFDEXzjx%252FTzlglEFcIEBIq6%252FRB1o8e9tCezCc1YvptwBtD3hXhfHVBBo7qGHUsdW0i1d3aXpBmnGsnOL654PpDI9YNTZmy%252F0QeWkzLjPyfq8riKxAwQQQ4DKZYxi68jQsSTZRwQFp1HvAUD7oGJ9HmwISo1P%252FnWrpHHv%252B0JmGi8XRDWgELuR6a26JnLOilL8epyhmBdaPN7PHiMdNwXakDPJlC3BuoQxTYGpaQH98%252BNCPV9su3pMYelRiL70VN4MSd6vs7LQnloRZ%252Brrrsn6aD1ewqJIJbEKHml1WIPcSjrLWidr%252BRLOxW4GHyIWDSixBBW7%252BAf6ydoldX5TshnlLrlrERRIAuNXLg4LaLdyfRqtpxKnr6E40Ya6iNb7IaWOi8vxGTb4E3ohbJNIQFdAA5lEDr2lo4sRIDK0HN67abmQfX8xhrvTECy47Pil0Nz%252BgNYIOQa1RM3ZX0fso%252FFVr4%252BHcu8nLeh6BP1caTzuzuKIPHzRJkYAPvbWgpINlYiocZKhm1Yf%252BM4h2v0qngCH7EpHhu7cItjPVzbMshifjOvS9f0M%252BVTFk1A%252FBWcs3YyrLfQlg80nrrXKVMMLTLG1nKRrmw%253D%253D%7Ccksum%3A25197457696779a727dd6a0f4491bcc12ad2068ae3ff%7Campid%3APL_CLK%7Cclp%3A2334524,
Aston Villa Away Stadium Sports Football Shirt Top 2020-21,Brand New,ILS 154.47,Pre,0,https://www.ebay.com/itm/Aston-Villa-Away-Stadium-Sports-Football-Shirt-Top-2020-21/233707022462?_trkparms=ispr%3D1&hash=item366a06287e:g:xr4AAOSwy45fV2G2&amdata=enc%3AAQAFAAACcBaobrjLl8XobRIiIML1V4Imu%252Fn%252BzU5L90Z278x5ickkai8xCwosGKpC0NWj85e%252FBy1t5Qm0UZ1gDGu3GNw0wv7gm3R9Q6Ccs%252BXQt%252F0MdNJknSeQHCWOpNSQ1Uqwgdk0k1QxVbTDkCMNOMHauOjzVR7xuTpSGD0Q5pJK%252BhZFpD%252B1ZswklXVW1BlzioKSPzR7QX3v7NeIqfjTqRT6CM7Evz1Ld9k3KalYn5IwokmcdG5auc2W2cGaGECrqPj8R81RNVVS8me4Tyi7IVxqeSkderDO5Pqd%252FeurxzYvZPzhFEOxfNEJ4n0x7vHa9ECHYo34ri%252FYT6e0BCYy5LgKIVNGom7Hq4RSZhDhzoroVgCkhTDca4iLLVC5IrfOINcmSikRktLu%252B8hUAc1QyXHcb%252Be9JWkFxH1hDlNHnszztm2N%252B4AwvVtIhxifOMLHDIgQrPvkjwCWcULFqLWeaa3JCzCF0kiDgP3Ln2jxQJvQMgR%252F7o094e23U2GLVlN0jef6EeiczLtI4X%252F5nCzmfkdBeJl1zIQWMIUUfjjJCXnlr%252FoRLt%252F93YeAadDuO0VRx30Sq2%252Fn1P3hMtccXfkSXT%252FglUjw1lXj9wLQf6btbzCL4F%252BV9%252BcdapoYav00Kyf38zOSU3A9F8f50I8sxWU0wHVgclue4VMBdkzu2BQ%252FIAQINFbDDEmBJyaOF00dbDxFdJxfc1GeWUqsQx1lgBWn5xxCld9hEVb9MOHBOgHFF3PjuAIdAhZzRIsmuCqAktNu6cemc3lU%252FRETQSXxtCY9dciukDdLYRurh1EC7TVXajTcJRx5DqimPfhAfqIYLo2a4XQEZoQv2A%253D%253D%7Ccksum%3A23370702246279a727dd6a0f4491bcc12ad2068ae3ff%7Campid%3APL_CLK%7Cclp%3A2334524,
Kappa ONE PIECE  Luffy  T-shirt   S to XL  BG,Brand New,ILS 425.63,0,0,https://www.ebay.com/itm/Kappa-ONE-PIECE-Luffy-T-shirt-S-to-XL-BG/293744776363?hash=item44648d94ab:g:MT8AAOSwp2VfZ1gA,
Mens NWT Kappa Bivarov Hoodie/ Sweatshirt Soccer Sport 80$ Retail,Brand New,ILS 130.97,0,0,https://www.ebay.com/itm/Mens-NWT-Kappa-Bivarov-Hoodie-Sweatshirt-Soccer-Sport-80-Retail/224315563841?_trkparms=ispr%3D1&hash=item343a3fdf41:g:CNIAAOSwo0df~4Fn&amdata=enc%3AAQAFAAACcBaobrjLl8XobRIiIML1V4Imu%252Fn%252BzU5L90Z278x5ickkgCVySCgrNFPU8Iu85TabMMGzAg0HcbMupA89ue5iPAVahQdONq5CBs8%252FgiPpa18cNd2ea3xb2MkONF8W8QhkJ37BWvlhjN5xXJ1Yb%252FkKTUndpVfips%252FLnThEM%252BDjvIb17DuH2XRVwYAY0iHl05se9gXBWxVQNyr%252Bi4OF%252BMhfr%252BmLE2%252Bf7PHuZfGVFaXXcSe9LnpLBkQtUFPTyGnzw3hw2%252Bjk9AzZ4dE4yuy5P49W3e%252FmeHhlCpQ%252BIHhLeGYY1oxz7E9RoT6kvM%252BaIS%252B%252FjrUzc13lneJnXHM%252BfYyw%252BQ3ZbAGO4MTIoAkx7mj63rtzRw8z6%252F6U0rvB0Hm5XEt43Y6ZjhNGkNOnpqCtqOoq6u2uLxnqt%252BV66zNaHz2Og3eyQvZhmB9bbALAJ2PJ%252F8lZ0Po6ko92m7%252Bw5SKyPWceSgxt4ieiXWy8ANe0DiGmQ%252FOQ5X1S2l0iIcpvxF37RC91BNkDvND2hcm2WuQDnob%252Fg9RvgMuLJjr0Z5QLhfouvM2ovv9mArYjHzbntjbphLday3S4RdtWh7c%252Bmd5oA2uYzlVmrWFESWvjVlnsxGH%252BuICdVg5KCg7V8L5pCJkZApIReHyzg69i5VBl8R5aTk8DdsACe8ytH0rv13%252FGfMsOT6HifK7AsjEy94ZkOM7pIGvRiTuqYSyLpjR1FHWB4dLCzW761YDlLtLgv45iZr75SbAbyCNTP0cKY%252BKbW2U4h0VE0TbfxbR%252FgqXHKPTDl14ZjS%252BfTVuPyFVsVvgnQ8XCWbCa5D%252FVXRMIGkXVNdbwOnVgYcT7NA%253D%253D%7Ccksum%3A22431556384179a727dd6a0f4491bcc12ad2068ae3ff%7Campid%3APL_CLK%7Cclp%3A2334524,
Mens Kappa T-SHIRTS & TOP Man LOGO ZOBI Training Long Sleeve Shirt ,Brand New,ILS 98.23,0,0,https://www.ebay.com/itm/Mens-Kappa-T-SHIRTS-TOP-Man-LOGO-ZOBI-Training-Long-Sleeve-Shirt/224301265007?_trkparms=ispr%3D1&hash=item343965b06f:g:WQAAAOSwzHxfmcCy&amdata=enc%3AAQAFAAACcBaobrjLl8XobRIiIML1V4Imu%252Fn%252BzU5L90Z278x5ickkgCVySCgrNFPU8Iu85TabMIU3l40XZ%252BHyM7d3827pZtZs4iKcqt%252Fl9Zctt6CLC5OycEwvlAfLzYBdn%252Fgvti2qpmVxhDg3IWoy6QVcdYhKAq7KRsL%252FowIISkMJCmH0xVDuJJigbpiT6WFpuAAWj4ri4VxvXSyW6duax8urrHJvrYI05oc92w%252FIs2%252FDDYAM%252BL3nYsLIgJycYbQEXIvkv4lUo8j%252Brz6RnXVaILyuPnofeWIwuyUqklWu%252BfB6aFJHwV%252F2uJsqWy0zzh8C0CrWMXTpaRFRSMd15Wy7e8X6xcu9TnvyLNSluHy7Ek514%252B%252B6S%252Fj9HPdmsY2UFDrK%252BaOkOjmE%252FHAxidbXOojUv0nZPQlAFV6ciaBjBK2wUji72F%252F3uHtP%252BPQwy3cfkuWLwIi0nazUUTdGbWf29ZaT7YQ8uJQbtqgftdUeSgjIcbKf156zHN2S0m3fjgARJz3CuR%252FkrA1V4PwsGtV%252FV7PZgoA0lPxzOTmnI%252FYcclRQ1arBSzwX%252FhVFRxU%252BkNgpUNHO3SahlHBe1CfGnoVNF%252FEwFeZ%252BvFJ3qeSm142%252FEq%252BPuJ%252BuNf0iRDgWXww%252FEH9TGT64SDJ36qvKbUcO%252FP3VeOBX5ZRLrkSsRELc7HpE4G3tOuodL4fDZYt%252BmjTVndiDg0gR0X%252FPr8JMgbNJCjoDsnywaq863wr%252BhhGYQqwRDE4OakyRb%252BRIyG63QuiTyioSeVv382pUMCFwEgEbOIVqgy9nCYnsudbt9c22Ohup%252BA90at7rKXdyqrXJ3hr88fzWGba0GCEYjppLmg%253D%253D%7Ccksum%3A22430126500779a727dd6a0f4491bcc12ad2068ae3ff%7Campid%3APL_CLK%7Cclp%3A2334524,
Kappa Ebeisen Sweat 5L Large Size Back Brushing,Brand New,ILS 325.43,Pre,0,https://www.ebay.com/itm/Kappa-Ebeisen-Sweat-5L-Large-Size-Back-Brushing/233867611979?hash=item3673988f4b:g:2aYAAOSwjOJgCXqw,NA
 Fiorentina Kappa Down Padded Jacket 2020 MEN Navy AMBADDED 2 ,Brand New,ILS 345.16,Top,0,https://www.ebay.com/itm/Fiorentina-Kappa-Down-Padded-Jacket-2020-MEN-Navy-AMBADDED-2/373321539669?hash=item56ebb2a055:g:WXsAAOSwL~pgB84h,
KAPPA KONTROLL T-SHIRT,New (Other),ILS 327.43,Wat,0,https://www.ebay.com/itm/KAPPA-KONTROLL-T-SHIRT/202969101897?hash=item2f41e6b649:g:JN0AAOSwBBVem1fe,
Medium Kappa All Black Kappa Track Jacket New Wth Tags Slim,Brand New,ILS 291.41,Wat,0,https://www.ebay.com/itm/Medium-Kappa-All-Black-Kappa-Track-Jacket-New-Wth-Tags-Slim/133470807375?hash=item1f137ae54f:g:nk4AAOSwKsVfFqIK,
*Kappa Unisex Banda Astoria Casual Retro Tracksuit Poppers Bottoms Medium Black*,Brand New,ILS 53.93,Tim,0,https://www.ebay.com/itm/Kappa-Unisex-Banda-Astoria-Casual-Retro-Tracksuit-Poppers-Bottoms-Medium-Black/203251200456?hash=item2f52b731c8:g:mRwAAOSw~b5f91e5,
"Kappa Men's Logo Cromen Slim T-Shirt, White",Brand New,ILS 33.60,Top,0,https://www.ebay.com/itm/Kappa-Mens-Logo-Cromen-Slim-T-Shirt-White/174436593123?hash=item289d3b2de3:g:1R4AAOSw~5RfYCVB,
KAPPA MEN AUTHENTIC ESTESSI SLIM FIT SHORT SLEEVE T-SHIRT BLACK GREY SILVER SIZE,Brand New,ILS 97.02,Top,0,https://www.ebay.com/itm/KAPPA-MEN-AUTHENTIC-ESTESSI-SLIM-FIT-SHORT-SLEEVE-T-SHIRT-BLACK-GREY-SILVER-SIZE/274474274830?hash=item3fe7f1100e:g:K34AAOSw4CFfSAUU,
Kappa Jacket Green Army Green Outdoor Unisex,Pre-Owned,ILS 58.94,Wat,0,https://www.ebay.com/itm/Kappa-Jacket-Green-Army-Green-Outdoor-Unisex/133243602144?hash=item1f05f004e0:g:JHEAAOSw-qld0l3V,
Kappa Tahiti T-shirt Black/White - short sleeve logo crew tee,Brand New,ILS 89.66,0,0,https://www.ebay.com/itm/Kappa-Tahiti-T-shirt-Black-White-short-sleeve-logo-crew-tee/174521411914?hash=item28a249694a:g:X0wAAOSwmU5fsp0W,
"Kappa Men's Authentic Taylor T-Shirt, Black",Brand New,ILS 38.79,Top,0,https://www.ebay.com/itm/Kappa-Mens-Authentic-Taylor-T-Shirt-Black/193402770760?hash=item2d07b41548:g:bmAAAOSw3DFeujNE,
KAPPA Vintage T-Shirt Blue Cotton Style Size XXL Man,Pre-Owned,ILS 59.49,Top,0,https://www.ebay.com/itm/KAPPA-Vintage-T-Shirt-Blue-Cotton-Style-Size-XXL-Man/174442375122?hash=item289d9367d2:g:XHEAAOSw-JlfZLw1,Does not apply
"Kappa Men's Igname Slim Pullover Hoodie, Blue",Brand New,ILS 114.03,Top,0,https://www.ebay.com/itm/Kappa-Mens-Igname-Slim-Pullover-Hoodie-Blue/174477221474?hash=item289fa71e62:g:-u0AAOSwoqZfhR8W,
KAPPA USA 1984 track field olympics team 80s running vest t-shirt size 52 (L),Pre-Owned,ILS 196.43,Top,0,https://www.ebay.com/itm/KAPPA-USA-1984-track-field-olympics-team-80s-running-vest-t-shirt-size-52-L/373382868966?hash=item56ef5a6fe6:g:-u8AAOSwWUJfz0cW,
Kappa Mens 222 Banda Lawson Lightweight Showerproof Packable Zip Up Jacket,Brand New,ILS 132.09,Top,0,https://www.ebay.com/itm/Kappa-Mens-222-Banda-Lawson-Lightweight-Showerproof-Packable-Zip-Up-Jacket/312894791322?hash=item48d9fb9e9a:g:jlEAAOSwSRtd~BWj,
"Kappa Men's 222 Banda Dobrev T-Shirt, White",Brand New,ILS 80.30,Top,0,https://www.ebay.com/itm/Kappa-Mens-222-Banda-Dobrev-T-Shirt-White/184486153162?hash=item2af43b4bca:g:EfQAAOSwJMxfhR6y,
New Mens White KAPPA Bellagio Authentic 222 Banda Jacket ~ RRP: ¬£80.00,Brand New,ILS 224.49,0,0,https://www.ebay.com/itm/New-Mens-White-KAPPA-Bellagio-Authentic-222-Banda-Jacket-RRP-80-00/324264281478?hash=item4b7fa84586:g:NxEAAOSwRaVfOmgR,
Kappa Italy Team Mens Bomber Jacket Padded Italia Ancient Roman White Hype,Pre-Owned,ILS 327.43,Top,0,https://www.ebay.com/itm/Kappa-Italy-Team-Mens-Bomber-Jacket-Padded-Italia-Ancient-Roman-White-Hype/184449400019?hash=item2af20a7cd3:g:1ioAAOSwkTxfYSxu,
Kappa Mens Sharus Retro Casual Cotton T-Shirt Polo Shirt Tee Top,Brand New,ILS 78.70,Top,0,https://www.ebay.com/itm/Kappa-Mens-Sharus-Retro-Casual-Cotton-T-Shirt-Polo-Shirt-Tee-Top/143729821506?hash=item2176f70742:g:0HkAAOSwvUdfWfEH,
KAPPA ADULTS 4CENTO BLACK TECHNICAL SKI JACKET 4CENTO-402,Brand New,ILS 404.44,Top,0,https://www.ebay.com/itm/KAPPA-ADULTS-4CENTO-BLACK-TECHNICAL-SKI-JACKET-4CENTO-402/143695796950?hash=item2174efdad6:g:u0kAAOSwjFVfQllD,
Opening Ceremony Kappa Collaboration Hoodie Pullover,Brand New,ILS 530.99,Pre,0,https://www.ebay.com/itm/Opening-Ceremony-Kappa-Collaboration-Hoodie-Pullover/233867608673?hash=item3673988261:g:urIAAOSwAARgCXlN,NA
KAPPA MEN'S CLASSIC TAPED T SHIRT PURPLE VIOLET RETRO FOOTBALL CASUALS TEE TOP,Brand New,ILS 181.33,Top,0,https://www.ebay.com/itm/KAPPA-MENS-CLASSIC-TAPED-T-SHIRT-PURPLE-VIOLET-RETRO-FOOTBALL-CASUALS-TEE-TOP/223776203223?hash=item341a19e1d7:g:gR0AAOSw5j9d861v,
Kappa Black Authentic Buys T-Shirt,Brand New,ILS 121.35,0,0,https://www.ebay.com/itm/Kappa-Black-Authentic-Buys-T-Shirt/274433984678?hash=item3fe58a48a6:g:O4gAAOSwVe5fFm8h,
"Kappa Men's If Authentic Collar Slim Jacket, White",Brand New,ILS 114.29,Top,0,https://www.ebay.com/itm/Kappa-Mens-If-Authentic-Collar-Slim-Jacket-White/184486159668?hash=item2af43b6534:g:6jIAAOSwLeZfhSEY,
"KAPPA 90'S VINTAGE CENTRE LOGO RED SWEATSHIRT,RETRO,SIZE:SMALL",Pre-Owned,ILS 134.83,Top,0,https://www.ebay.com/itm/KAPPA-90S-VINTAGE-CENTRE-LOGO-RED-SWEATSHIRT-RETRO-SIZE-SMALL/124468369925?hash=item1cfae49a05:g:aWAAAOSwbVVfx7VM,Does not apply
T-shirt Kappa 222 Banda Coen Slim Black Men,Brand New,ILS 161.42,Top,0,https://www.ebay.com/itm/T-shirt-Kappa-222-Banda-Coen-Slim-Black-Men/283890792048?hash=item421935b670:g:-6sAAOSwaPNfGA9K,
"Kappa Men's Keldy Slim Joggers, Black",Brand New,ILS 88.24,Top,0,https://www.ebay.com/itm/Kappa-Mens-Keldy-Slim-Joggers-Black/193707624742?hash=item2d19dfc926:g:GcIAAOSwzwhfhS0m,
"Kappa Men's Logo Cromen Slim T-Shirt, White",Brand New,ILS 35.47,Top,0,https://www.ebay.com/itm/Kappa-Mens-Logo-Cromen-Slim-T-Shirt-White/174436590676?hash=item289d3b2454:g:eQsAAOSwaKJfYCTI,
Barcelona 1996 - 1997 away football soccer shirt jersey Kappa size L,Pre-Owned,ILS 163.71,Top,0,https://www.ebay.com/itm/Barcelona-1996-1997-away-football-soccer-shirt-jersey-Kappa-size-L/264599855173?hash=item3d9b616045:g:glMAAOSwkYZd1veI,Does not apply
Mens Vintage 90s KAPPA Lugano Gara Official Pro Equipment Jacket Black Size XL,Pre-Owned,ILS 486.51,Top,0,https://www.ebay.com/itm/Mens-Vintage-90s-KAPPA-Lugano-Gara-Official-Pro-Equipment-Jacket-Black-Size-XL/174196022281?hash=item288ee45c09:g:8m0AAOSwVTpeTNoh,Does not apply
"Kappa Men's 222 Banda Hurtado Pullover Slim Hoodie, Red",Brand New,ILS 184.08,Top,0,https://www.ebay.com/itm/Kappa-Mens-222-Banda-Hurtado-Pullover-Slim-Hoodie-Red/184486153243?hash=item2af43b4c1b:g:ongAAOSwMhxfhR7G,
NEW MENS KAPPA AUTHENTIC ZALLARD BOTTOM ZIP FLEECE JOGGER SWEAT PANTS M,Brand New,ILS 229.17,Wat,0,https://www.ebay.com/itm/NEW-MENS-KAPPA-AUTHENTIC-ZALLARD-BOTTOM-ZIP-FLEECE-JOGGER-SWEAT-PANTS-M/114132218358?epid=25037125384&hash=item1a92cf71f6:g:ihgAAOSw0vpeWAwC,8016279267466
Kappa Polo Man Limited short Sleeve Jersey Blue Black White,Brand New,ILS 131.84,Top,0,https://www.ebay.com/itm/Kappa-Polo-Man-Limited-short-Sleeve-Jersey-Blue-Black-White/254814388666?hash=item3b541f01ba:g:nBYAAOSwNI5excb-,
Kappa Mens Tape T Shirt Short Sleeve Casual Sport Top,Brand New,ILS 49.44,Pre,0,https://www.ebay.com/itm/Kappa-Mens-Tape-T-Shirt-Short-Sleeve-Casual-Sport-Top/402404472269?hash=item5db12cf5cd:g:oo0AAOSwblBfT4vO,
KAPPA MENS TECHNICAL SKI JACKET 6CENTO-650 ORANGE,Brand New,ILS 404.44,Top,0,https://www.ebay.com/itm/KAPPA-MENS-TECHNICAL-SKI-JACKET-6CENTO-650-ORANGE/143685757039?hash=item217456a86f:g:IawAAOSw1vFfOdo8,
KAPPA Estessi Slim Fit Short Sleeve T-Shirt Black White Size Medium NEW! 304KPT0,Brand New,ILS 91.65,Wat,0,https://www.ebay.com/itm/KAPPA-Estessi-Slim-Fit-Short-Sleeve-T-Shirt-Black-White-Size-Medium-NEW-304KPT0/114449560477?hash=item1aa5b9b39d:g:pKUAAOSwnl1ffSMS,
Kappa Herren 222 Banda Astoria Druckkn√∂pfe Retro Gerade Bein Trainingsanzug Hose,Brand New,ILS 127.03,Top,0,https://www.ebay.com/itm/Kappa-Herren-222-Banda-Astoria-Druckknopfe-Retro-Gerade-Bein-Trainingsanzug-Hose/143686410063?hash=item2174609f4f:g:xYMAAOSwnFleiyVe,Nicht zutreffend
New Kappa Streetwear Authentic Estessi Orange/White Mens Italy T Shirt RKAP-3,Brand New,ILS 101.47,Top,0,https://www.ebay.com/itm/New-Kappa-Streetwear-Authentic-Estessi-Orange-White-Mens-Italy-T-Shirt-RKAP-3/114555401617?hash=item1aac08b591:g:oAYAAOSwEflfyKsN,
"Kappa Men's 222 Banda Alanz Slim Joggers, Black",Brand New,ILS 114.29,Top,0,https://www.ebay.com/itm/Kappa-Mens-222-Banda-Alanz-Slim-Joggers-Black/174476553890?hash=item289f9ceea2:g:i58AAOSwoqZfhcXH,
Mens Kappa Jacket Big Logo size XXL,Pre-Owned,ILS 229.20,Wat,0,https://www.ebay.com/itm/Mens-Kappa-Jacket-Big-Logo-size-XXL/392589911068?hash=item5b682ea41c:g:fcIAAOSwRn9d9mMK,
Arc'teryx Kappa Hoodie Size S,Pre-Owned,"ILS 1,709.18",Top,0,https://www.ebay.com/itm/Arcteryx-Kappa-Hoodie-Size-S/124538164320?hash=item1cff0d9460:g:9I8AAOSw1tRgCUNy,NA
